1;15;551.5;237;537.1;774;5330
1;14;503.2;231;495.7;752;4027
1;14;586.9;233;582.8;758;6459
1;14;471.3;231;467.4;752;2971
1;11;480.4;236;473.0;755;3849
1;14;575.6;232;553.9;755;5252
1;14;581.7;233;577.7;758;3880
1;12;505.6;235;488.8;756;5182
1;11;713.9;331;705.4;1040;3299
1;14;720.8;330;717.1;1049;8835
1;13;497.9;233;494.2;754;5333
1;14;510.4;233;506.4;758;4086
1;14;643.0;328;639.0;1043;5442
1;14;568.5;234;554.4;761;3993
1;11;585.1;234;581.5;749;4225
1;14;508.4;233;493.4;758;2956
1;14;553.0;233;535.3;758;5497
1;13;727.0;332;722.6;1051;6359
1;13;478.6;233;451.4;754;2558
1;14;485.0;233;480.3;758;4325
1;13;540.6;235;528.7;760;3620
1;11;479.4;232;466.0;743;5102
1;14;746.2;327;742.2;1040;3579
1;12;525.7;236;517.7;759;3584
1;11;511.9;234;498.7;749;3985
1;11;441.1;233;437.8;746;4257
1;14;532.2;233;526.5;758;3581
1;11;483.2;234;480.0;749;5269
1;11;462.3;232;442.1;743;2513
1;11;494.5;233;491.3;746;4445
1;11;561.5;232;557.4;743;2969
1;13;535.6;239;521.7;772;3959
1;11;508.9;232;495.5;743;5223
1;13;593.7;232;589.7;751;4178
1;14;488.6;231;468.6;752;1758
1;14;511.1;235;507.0;764;4441
1;12;644.4;236;609.5;759;3148
1;14;530.3;234;526.1;761;6525
1;14;485.5;232;472.9;755;3849
1;13;471.4;232;467.6;751;4549
1;14;530.8;233;526.5;758;4481
1;12;527.7;237;523.9;762;4836
1;14;522.3;234;518.2;761;4469
1;11;582.8;234;579.4;749;5975
1;14;498.2;234;493.8;761;1936
1;14;473.7;233;468.8;758;4058
1;13;529.9;239;526.1;772;4600
1;11;489.8;231;482.3;740;1862
1;14;509.1;233;504.6;758;3557
1;12;526.2;235;522.5;756;4437
1;11;526.4;231;512.5;740;2989
1;13;500.0;232;492.4;751;3990
1;12;542.0;236;532.6;759;4235
1;12;631.2;292;627.7;927;4718
1;14;460.7;234;456.6;761;2980
1;14;437.3;232;433.3;755;5489
1;11;463.3;232;460.0;743;3434
1;13;513.2;235;509.3;760;4042
1;14;592.0;232;580.8;755;3541
1;13;684.4;329;680.5;1042;3611
1;14;537.5;232;533.4;755;5024
1;12;522.5;238;518.8;765;2568
1;12;738.4;332;734.8;1047;4563
1;14;452.6;231;448.2;752;3093
1;11;478.0;234;474.7;749;3361
1;13;496.7;233;483.0;754;3179
1;14;541.3;232;537.0;755;2956
1;12;642.0;334;618.2;1053;4215
1;11;484.7;232;481.3;743;4294
1;14;513.7;234;499.9;761;3059
1;11;494.4;233;491.0;746;3834
1;14;559.9;232;555.6;755;6607
1;11;567.7;232;557.9;743;3355
1;12;646.1;332;642.5;1047;3157
1;14;532.2;232;528.1;755;4797
1;14;493.2;236;488.3;767;4476
1;11;505.7;233;502.6;746;3573
1;11;511.0;235;507.8;752;2878
1;11;490.0;231;485.8;740;2074
1;14;532.8;233;528.8;758;3024
1;11;521.9;233;518.5;746;4402
1;14;511.4;231;507.4;752;4189
1;14;574.8;240;570.5;779;3943
1;11;480.6;233;477.2;746;2752
1;12;459.9;238;456.5;765;2495
1;14;563.8;235;559.7;764;5473
1;12;570.3;237;566.6;762;6084
1;11;461.2;230;447.8;737;3641
1;13;536.3;233;532.5;754;4765
1;14;487.7;233;476.8;758;3412
1;12;580.2;242;576.8;777;2767
1;11;485.1;233;481.7;746;5255
1;11;562.9;230;559.7;737;5829
1;14;507.5;232;499.6;755;4198
1;11;510.4;233;487.2;746;4041
1;13;629.2;246;617.8;793;5585
1;11;640.9;328;637.4;1031;5011
1;14;525.5;234;515.7;761;4501
1;12;516.1;230;512.7;741;2225
1;13;504.9;234;501.2;757;3174
1;11;470.6;230;467.4;737;3577
1;13;457.2;232;443.4;751;3779
1;14;550.9;231;546.8;752;3188
1;12;607.0;254;603.4;813;3013
1;14;335.2;234;314.3;761;2745
1;14;593.3;235;575.8;764;3716
1;11;713.4;329;705.6;1034;5008
1;13;623.3;233;595.0;754;5464
1;14;489.1;232;485.1;755;4990
1;12;514.9;239;511.5;768;3885
1;14;496.0;231;479.2;752;3711
1;11;615.5;232;605.4;743;4646
1;11;654.4;232;651.5;743;4646
1;13;461.4;232;457.6;751;2718
1;13;524.3;236;493.7;763;2408
1;11;435.6;231;432.3;740;3387
1;14;502.5;233;498.2;758;4403
1;14;547.5;234;543.4;761;4348
1;13;514.4;237;502.8;766;3644
1;11;544.2;231;541.0;740;3878
1;14;459.4;236;443.6;767;4708
1;12;665.1;236;644.9;759;6135
1;11;566.0;231;554.8;740;3503
1;12;518.3;236;509.6;759;6332
1;12;748.2;333;744.6;1050;7710
1;11;467.2;231;464.0;740;2884
1;13;501.9;233;497.9;754;3227
1;13;512.2;234;508.6;757;2035
1;11;772.9;330;769.5;1037;6862
1;13;575.6;235;558.3;760;3755
1;14;581.4;232;576.1;755;2322
1;14;512.7;233;485.2;758;3906
1;13;538.4;236;534.6;763;4853
1;11;532.3;232;529.0;743;4762
1;12;567.4;239;559.1;768;5578
1;13;733.3;328;729.5;1039;3663
1;13;684.0;232;680.0;751;3265
1;11;690.3;234;679.0;749;4949
1;13;503.6;231;499.9;748;4412
1;11;499.1;234;495.9;749;3640
1;13;563.9;236;560.0;763;2665
1;14;577.6;232;573.5;755;5207
1;11;523.3;232;500.3;743;4326
1;13;570.0;232;566.2;751;3509
1;12;554.0;243;550.4;780;6047
1;13;447.8;233;433.3;754;3077
1;14;446.5;231;442.1;752;3772
1;14;504.5;231;483.8;752;4692
1;14;541.2;234;536.1;761;6294
1;12;538.2;235;534.7;756;2949
1;11;568.1;232;564.8;743;4985
1;12;529.0;237;517.4;762;4723
1;14;508.8;231;496.8;752;3709
1;12;561.0;236;547.3;759;3753
1;13;515.5;236;488.4;763;4197
1;11;475.9;235;472.7;752;5070
1;13;657.8;331;654.1;1048;3726
1;11;513.3;233;510.2;746;5660
1;11;528.7;234;508.8;749;4486
1;11;526.3;231;512.7;740;3727
1;13;451.4;231;447.7;748;3074
1;12;448.9;233;445.5;750;1954
1;14;518.5;231;514.4;752;4627
1;14;473.2;231;468.7;752;4915
1;13;452.4;232;448.4;751;3603
1;14;582.7;231;568.6;752;1916
1;14;678.2;232;660.8;755;4103
1;13;527.5;233;523.7;754;3931
1;14;497.2;232;479.9;755;4380
1;12;528.8;258;515.0;825;3882
1;13;629.3;330;625.6;1045;6078
1;12;499.1;237;495.6;762;3451
1;13;562.7;260;558.7;835;3851
1;13;472.0;234;468.2;757;2367
1;14;468.6;233;464.5;758;4386
1;11;515.0;232;511.7;743;2360
1;14;619.5;232;602.3;755;4582
1;14;479.3;232;475.2;755;2873
1;14;461.1;232;433.6;755;3844
1;14;539.9;233;514.6;758;3725
1;14;691.9;331;687.7;1052;5265
1;14;472.8;233;468.9;758;3748
1;13;471.1;238;467.5;769;4628
1;14;543.6;231;539.5;752;3197
1;11;545.4;230;542.3;737;3686
1;13;520.9;241;517.2;778;2840
1;12;532.4;238;510.0;765;2745
1;13;507.4;235;503.7;760;3608
1;13;738.0;329;734.3;1042;4761
1;14;674.3;331;670.1;1052;4211
1;11;512.0;231;498.0;740;4653
1;14;772.7;329;768.7;1046;5165
1;14;519.0;234;501.3;761;1777
1;11;515.1;232;512.1;743;5628
1;13;537.0;240;533.2;775;4286
1;13;491.5;237;479.7;766;1795
1;14;481.5;232;477.5;755;3136
1;12;505.4;235;502.0;756;3233
1;11;479.0;231;475.8;740;2804
1;13;441.6;232;437.8;751;3190
1;13;718.5;331;714.2;1048;4055
1;12;455.6;236;452.2;759;1274
1;12;469.9;237;442.9;762;2997
1;13;752.1;331;748.1;1048;5421
1;13;492.6;236;487.5;763;4044
1;12;504.8;237;501.3;762;5363
1;11;534.5;232;531.3;743;5675
1;12;574.1;237;565.8;762;4301
1;12;466.7;229;463.2;738;3389
1;14;488.4;232;484.3;755;3882
1;12;481.7;237;477.9;762;4337
1;13;771.7;330;767.7;1045;5184
1;13;506.6;250;501.4;805;3977
1;13;490.1;232;486.4;751;4468
1;11;628.0;234;624.7;749;6184
1;13;496.3;233;492.6;754;2617
1;12;527.7;236;517.5;759;5223
1;12;470.7;238;467.3;765;3875
1;14;504.0;231;499.8;752;3882
1;11;575.3;232;564.2;743;6777
1;14;707.7;329;690.5;1046;5106
1;14;577.3;231;573.3;752;4055
1;14;474.8;231;470.8;752;3283
1;13;490.5;231;476.6;748;4553
1;13;695.5;328;691.9;1039;4896
1;14;499.6;231;485.5;752;5014
1;14;455.1;235;451.0;764;3798
1;14;476.2;232;460.5;755;4406
1;13;486.9;232;483.1;751;5849
1;14;485.4;234;481.5;761;2430
1;12;596.8;239;593.0;768;6255
1;14;624.3;233;620.3;758;2922
1;11;465.4;231;462.0;740;3033
1;14;499.9;233;495.7;758;4477
1;11;239.7;134;236.3;449;1152
1;13;754.5;331;751.0;1048;3722
1;12;650.7;331;646.9;1044;5091
1;13;605.9;329;597.3;1042;5120
1;11;547.5;232;514.9;743;4595
1;11;249.7;133;246.4;446;1338
1;12;757.3;332;753.8;1047;5847
1;14;534.6;234;530.6;761;3561
1;11;485.1;232;481.9;743;3490
1;13;520.4;235;516.6;760;5367
1;14;515.0;231;510.8;752;3078
1;14;272.6;232;267.0;755;4527
1;14;678.8;232;674.4;755;5030
1;14;501.9;233;497.8;758;5276
1;13;521.2;231;517.5;748;2884
1;13;728.0;331;724.0;1048;5582
1;11;496.0;232;492.7;743;1625
1;12;507.6;238;503.8;765;5339
1;14;444.5;237;440.4;770;2031
1;13;483.9;237;480.0;766;4499
1;13;574.0;234;570.5;757;3126
1;15;529.4;242;525.2;789;4741
1;14;528.8;234;524.8;761;3002
1;13;476.5;234;472.9;757;3327
1;13;572.0;234;560.4;757;3759
1;11;439.8;231;436.5;740;2086
1;11;504.8;233;489.6;746;3552
1;12;736.3;332;733.0;1047;3897
1;14;630.0;331;615.8;1052;4855
1;14;701.9;328;697.8;1043;4127
1;11;622.8;233;616.0;746;3522
1;14;305.4;232;301.3;755;3945
1;13;525.5;233;521.7;754;5828
1;12;678.6;334;674.9;1053;2370
1;14;402.5;232;398.4;755;5414
1;14;482.6;232;478.5;755;1359
1;12;694.1;333;690.4;1050;4200
1;13;555.0;235;541.2;760;5112
1;14;672.7;329;668.6;1046;5527
1;12;564.9;268;560.3;855;4090
1;13;512.3;237;508.3;766;3967
1;14;564.5;233;560.4;758;5311
1;11;546.9;230;543.8;737;5744
1;11;782.3;328;778.9;1031;6317
1;13;642.8;332;639.0;1051;3691
1;13;519.1;235;515.1;760;5415
1;14;495.4;232;491.5;755;5257
1;13;499.1;237;495.3;766;3711
1;14;559.6;232;555.7;755;3573
1;14;708.9;330;688.7;1049;5707
1;14;480.1;232;473.2;755;3308
1;11;527.9;231;524.5;740;4829
1;14;513.7;232;509.9;755;4874
1;14;750.1;328;743.7;1043;6462
1;14;512.0;232;498.0;755;4843
1;12;578.4;238;574.9;765;2968
1;11;514.6;232;511.5;743;4182
1;11;474.6;232;471.4;743;3864
1;13;489.4;234;472.1;757;2984
1;14;507.4;232;503.2;755;3163
1;14;522.1;233;518.0;758;5063
1;14;480.6;231;457.2;752;2932
1;14;546.2;231;528.8;752;4134
1;14;463.9;236;459.9;767;2626
1;11;538.2;233;535.0;746;5551
1;14;501.9;230;487.8;749;4322
1;12;451.0;238;447.3;765;3727
1;12;487.3;237;473.7;762;3669
1;14;508.7;235;494.6;764;6476
1;12;613.0;235;606.2;756;8500
1;14;495.3;232;490.9;755;3658
1;12;589.8;237;586.3;762;3082
1;13;557.8;236;554.2;763;5237
1;13;516.1;234;512.4;757;3204
1;12;496.2;236;492.6;759;4968
1;14;481.7;234;477.5;761;3514
1;13;532.9;232;528.9;751;3193
1;14;555.8;231;551.5;752;4540
1;13;723.7;334;711.6;1057;5610
1;12;447.6;236;444.1;759;3167
1;14;506.9;231;503.0;752;5232
1;13;654.2;329;650.3;1042;4177
1;13;515.1;236;498.0;763;2431
1;14;684.7;329;680.5;1046;4263
1;13;679.9;330;676.1;1045;5928
1;11;518.9;230;515.5;737;2051
1;11;495.6;231;492.2;740;4223
1;11;507.2;232;503.9;743;5500
1;11;459.8;231;456.6;740;4724
1;13;476.2;233;472.0;754;3397
1;13;477.3;234;473.5;757;2089
1;14;537.2;231;532.3;752;4581
1;13;514.9;237;502.6;766;4703
1;14;555.7;231;549.6;752;3279
1;14;477.0;231;472.9;752;2952
1;14;759.3;328;752.4;1043;5752
1;13;597.1;233;580.1;754;3246
1;13;582.2;237;578.6;766;5884
1;11;565.2;233;561.9;746;3258
1;13;496.6;233;493.0;754;1886
1;13;481.7;232;477.9;751;4056
1;13;519.3;232;515.5;751;5794
1;13;594.2;236;580.1;763;6756
1;11;491.7;231;488.5;740;4639
1;12;494.5;236;490.9;759;3847
1;11;488.2;231;483.0;740;5378
1;14;522.8;234;518.7;761;4326
1;13;599.4;235;595.6;760;4686
1;11;457.1;232;453.8;743;3651
1;11;473.5;232;470.1;743;4174
1;14;521.4;232;517.4;755;5055
1;14;486.6;233;482.7;758;5212
1;11;503.2;232;493.2;743;5362
1;13;520.1;234;516.3;757;5013
1;13;441.2;237;437.1;766;3817
1;11;441.5;231;435.3;740;3080
1;14;726.3;328;722.0;1043;6368
1;13;610.2;231;593.0;748;4666
1;14;510.6;232;496.6;755;5337
1;11;702.5;330;689.3;1037;5442
1;12;493.8;236;485.0;759;3135
1;12;562.8;238;559.3;765;5352
1;13;549.2;237;545.1;766;2346
1;12;556.3;260;546.0;831;5780
1;12;499.5;237;482.5;762;6249
1;12;365.7;238;361.9;765;4073
1;14;547.7;329;543.4;1046;3835
1;13;310.3;232;302.4;751;5785
1;14;519.7;233;515.9;758;3493
1;12;654.1;236;650.6;759;7529
1;13;496.0;240;492.2;775;4302
1;11;462.1;233;458.8;746;2514
1;14;454.4;232;450.0;755;2005
1;11;551.6;231;548.3;740;6614
1;12;712.7;332;709.2;1047;6670
1;11;504.0;234;499.9;749;5201
1;13;596.6;235;589.7;760;4405
1;14;506.9;232;494.6;755;3470
1;14;557.9;250;540.3;809;4605
1;13;647.3;332;629.6;1051;5530
1;14;519.8;230;505.8;749;3476
1;12;508.4;236;504.9;759;3253
1;11;701.3;330;698.1;1037;5382
1;11;563.6;231;560.2;740;3718
1;14;492.7;233;479.6;758;3079
1;14;584.9;236;581.0;767;5846
1;14;528.6;233;514.5;758;2361
1;14;646.0;329;641.9;1046;5843
1;13;554.1;239;537.0;772;3458
1;13;634.4;328;615.5;1039;4293
1;13;562.9;238;549.6;769;2556
1;14;468.4;232;464.2;755;3919
1;11;569.0;229;565.8;734;2205
1;14;547.0;234;532.8;761;6318
1;14;533.4;233;529.4;758;2160
1;12;717.8;332;713.8;1047;3390
1;13;848.5;327;844.8;1036;3954
1;13;672.9;330;669.1;1045;3317
1;14;517.1;232;513.0;755;3969
1;11;468.0;230;448.3;737;4526
1;11;518.3;235;514.9;752;3539
1;11;433.7;231;426.8;740;2529
1;14;499.4;234;485.0;761;3083
1;12;716.1;332;712.6;1047;3741
1;13;487.5;233;483.7;754;1920
1;11;451.8;230;425.2;737;3039
1;12;472.4;237;468.9;762;6322
1;12;480.1;238;476.7;765;4596
1;12;642.0;331;638.5;1044;5553
1;11;504.9;232;499.8;743;4513
1;12;656.4;332;652.9;1047;4850
1;14;603.2;232;599.1;755;3212
1;11;499.4;232;496.2;743;3363
1;14;552.0;234;539.1;761;4842
1;11;550.0;244;546.5;779;4489
1;14;474.7;237;470.5;770;3160
1;13;679.1;331;670.4;1048;3611
1;12;671.9;332;660.1;1047;6268
1;12;284.9;237;281.4;762;3508
1;13;469.1;237;465.2;766;4450
1;11;545.8;232;542.7;743;5449
1;12;520.0;234;512.1;753;4629
1;14;552.6;233;541.7;758;5392
1;14;451.8;232;448.0;755;4139
1;13;530.3;232;526.5;751;4485
1;14;450.5;234;446.4;761;3910
1;12;664.8;333;661.2;1050;3466
1;11;495.3;232;492.1;743;2737
1;11;463.6;232;460.2;743;2596
1;13;582.4;236;548.2;763;3018
1;13;581.2;232;560.3;751;6299
1;14;525.6;232;507.9;755;4343
1;11;488.6;235;478.8;752;2954
1;13;423.4;233;419.7;754;2075
1;14;450.3;233;436.3;758;3315
1;14;496.3;232;492.1;755;3940
1;11;524.3;232;521.0;743;3672
1;11;533.9;231;530.6;740;3240
1;12;530.8;236;527.1;759;3196
1;11;427.7;232;424.4;743;2518
1;12;508.8;236;505.3;759;5370
1;11;600.4;232;585.6;743;4281
1;14;452.5;233;448.5;758;3623
1;13;522.0;232;518.2;751;5034
1;13;514.2;235;510.3;760;3854
1;13;451.2;233;447.3;754;3338
1;11;492.3;231;479.0;740;4236
1;14;511.6;231;487.5;752;5878
1;12;573.4;236;556.4;759;5026
1;13;481.8;233;478.3;754;4205
1;14;508.8;232;502.9;755;4875
1;12;500.8;236;496.4;759;6464
1;14;845.0;328;835.9;1043;3671
1;13;693.9;333;690.1;1054;7189
1;13;625.3;330;621.5;1045;7709
1;11;569.8;234;556.5;749;5423
1;14;520.1;232;516.0;755;5921
1;14;547.9;232;541.8;755;4562
1;14;495.1;234;489.9;761;4401
1;12;434.8;229;431.2;738;3036
1;14;490.7;233;481.4;758;3345
1;13;639.8;238;636.2;769;3862
1;13;497.4;245;493.5;790;3827
1;14;327.5;232;321.3;755;2472
1;13;499.6;238;485.2;769;3285
1;13;511.0;237;507.3;766;3483
1;14;498.0;233;494.0;758;2543
1;12;551.0;253;547.6;810;3704
1;13;526.5;234;522.7;757;4656
1;11;607.0;329;603.6;1034;4071
1;13;611.9;234;594.6;757;3693
1;14;474.8;233;470.8;758;4567
1;14;632.6;234;628.3;761;5326
1;13;504.2;234;495.2;757;1760
1;13;407.2;233;386.7;754;4308
1;13;781.1;332;777.2;1051;6607
1;14;617.1;232;593.0;755;4538
1;13;493.9;232;490.2;751;3027
1;13;506.3;330;502.6;1045;4682
1;13;628.3;331;624.4;1048;2722
1;11;509.4;232;498.1;743;3282
1;12;517.4;236;513.9;759;4252
1;12;488.6;237;484.8;762;3120
1;11;629.8;232;626.6;743;2796
1;14;537.5;236;533.5;767;3430
1;14;507.7;236;503.4;767;2327
1;13;566.0;236;562.2;763;6345
1;13;514.7;238;510.9;769;5371
1;12;745.4;334;741.7;1053;5327
1;13;495.9;232;492.1;751;2692
1;13;493.2;234;482.5;757;3288
1;14;451.0;233;446.6;758;5358
1;13;532.9;239;529.3;772;3269
1;11;476.8;232;473.6;743;4694
1;14;657.4;332;653.5;1055;5563
1;13;463.6;236;451.6;763;3048
1;14;529.4;230;515.3;749;6816
1;12;654.9;331;651.4;1044;3591
1;13;782.0;331;777.3;1048;4247
1;13;516.0;232;512.0;751;4485
1;11;538.5;235;535.3;752;4920
1;11;520.1;233;515.9;746;4686
1;11;509.5;232;498.1;743;3116
1;13;667.8;232;655.8;751;4447
1;11;501.8;232;488.3;743;4932
1;13;544.8;233;540.7;754;3069
1;12;533.3;237;529.7;762;4432
1;13;533.4;231;529.7;748;4911
1;13;384.8;236;381.0;763;2467
1;14;447.7;232;443.6;755;3839
1;14;472.1;235;468.0;764;4000
1;12;406.4;237;402.7;762;4361
1;12;741.2;331;727.6;1044;6070
1;14;677.0;235;659.8;764;4532
1;12;463.1;235;459.5;756;4743
1;13;469.8;232;462.9;751;5164
1;14;690.7;329;682.8;1046;6663
1;13;679.9;327;675.4;1036;4107
1;13;934.6;332;930.9;1051;5986
1;14;525.6;233;521.7;758;4954
1;14;428.2;233;420.2;758;2529
1;14;523.3;233;519.0;758;4544
1;12;731.5;333;727.9;1050;5796
1;13;858.9;332;854.8;1051;6043
1;14;531.4;235;527.4;764;5080
1;13;681.1;237;677.2;766;3943
1;14;836.7;330;832.5;1049;6564
1;14;490.0;232;485.9;755;2792
1;14;520.3;234;516.3;761;3261
1;11;477.9;233;474.5;746;2773
1;13;533.7;235;529.6;760;6163
1;11;551.4;233;533.2;746;4020
1;14;476.7;232;472.7;755;4572
1;14;583.0;232;548.5;755;6439
1;14;589.8;230;585.7;749;5575
1;13;568.4;232;540.4;751;4603
1;12;722.7;332;719.2;1047;4794
1;13;593.3;234;589.5;757;4331
1;14;470.2;234;466.1;761;3592
1;14;496.9;233;492.9;758;3911
1;11;562.7;233;559.4;746;4426
1;11;506.5;231;503.1;740;4293
1;12;529.9;237;526.0;762;3968
1;14;491.7;234;487.6;761;4193
1;14;514.7;234;508.8;761;4201
1;14;788.2;325;766.6;1034;5455
1;14;450.1;233;446.0;758;4689
1;13;454.3;235;450.6;760;2359
1;12;542.9;237;525.9;762;5770
1;11;521.3;232;510.1;743;5498
1;14;463.4;234;453.0;761;3427
1;14;487.9;231;483.8;752;2687
1;12;512.6;235;508.9;756;3595
1;12;571.9;239;568.3;768;4013
1;14;638.2;328;633.9;1043;4267
1;11;509.9;230;506.7;737;2748
1;13;724.4;330;718.7;1045;2871
1;11;472.2;231;469.0;740;2072
1;11;526.3;234;513.0;749;5495
1;14;789.1;330;785.2;1049;5180
1;11;712.8;327;709.2;1028;5484
1;14;627.4;232;623.5;755;4041
1;14;519.1;232;501.7;755;3979
1;14;471.9;232;451.3;755;4098
1;11;509.5;233;506.4;746;3458
1;14;512.3;232;496.2;755;2362
1;13;558.4;233;554.8;754;4327
1;14;684.9;330;670.5;1049;5080
1;14;863.5;328;851.5;1043;7497
1;13;557.8;237;553.8;766;4634
1;12;517.4;236;513.9;759;4051
1;11;462.9;233;451.7;746;3298
1;14;564.9;236;560.9;767;4645
1;14;457.0;232;453.1;755;1622
1;14;547.1;232;543.0;755;4729
1;13;698.7;333;695.0;1054;4139
1;15;504.4;247;488.1;804;3664
1;14;528.0;232;524.3;755;3700
1;14;477.2;233;463.3;758;3847
1;14;711.3;331;707.3;1052;6294
1;14;465.6;232;461.6;755;2355
1;14;564.9;233;533.8;758;3568
1;11;537.0;232;533.7;743;4928
1;14;457.4;233;453.5;758;3774
1;12;488.3;236;484.5;759;3305
1;13;736.1;328;725.5;1039;4122
1;12;657.5;333;654.0;1050;5571
1;15;593.2;268;588.9;867;3867
1;13;465.2;235;461.4;760;3176
1;14;538.7;233;517.7;758;4205
1;11;536.0;231;518.7;740;2918
1;11;453.0;231;449.8;740;4481
1;13;510.2;233;506.6;754;6235
1;13;500.7;237;496.8;766;4331
1;13;481.2;233;457.3;754;3682
1;13;526.6;235;522.8;760;5397
1;11;547.0;232;536.4;743;3075
1;11;490.1;233;473.4;746;5247
1;13;506.7;231;503.2;748;5407
1;13;478.2;233;456.5;754;2762
1;14;509.0;232;505.2;755;4070
1;11;565.8;247;562.4;788;5947
1;14;439.3;232;435.2;755;3447
1;13;449.9;233;446.1;754;3065
1;13;504.0;232;500.3;751;2889
1;13;565.9;233;562.0;754;3874
1;14;461.8;232;444.2;755;2467
1;14;476.1;233;472.0;758;3847
1;14;486.1;231;472.2;752;5030
1;13;653.7;327;649.8;1036;5485
1;14;547.8;231;542.0;752;3184
1;14;480.9;232;475.6;755;4285
1;11;455.4;232;451.3;743;4870
1;15;758.3;334;753.9;1065;3766
1;13;526.8;236;522.7;763;6522
1;13;641.4;329;637.6;1042;3366
1;14;759.5;327;755.4;1040;3937
1;11;534.1;233;530.8;746;4355
1;13;469.7;233;465.8;754;3122
1;13;770.6;331;753.6;1048;4950
1;12;342.9;232;338.8;747;3404
1;13;814.8;331;807.0;1048;5616
1;13;736.8;333;731.5;1054;5919
1;12;516.1;236;494.9;759;2594
1;12;775.0;331;758.3;1044;6866
1;14;497.1;232;493.0;755;3943
1;14;518.9;234;514.9;761;3896
1;14;334.2;233;330.1;758;4389
1;11;491.8;234;480.7;749;3502
1;12;415.8;235;412.0;756;4395
1;13;541.9;232;525.5;751;3765
1;14;517.9;231;500.3;752;4688
1;11;526.2;231;512.2;740;4445
1;14;469.2;231;465.3;752;4083
1;12;693.0;330;689.5;1041;5074
1;14;559.4;328;555.6;1043;5042
1;14;666.4;330;662.4;1049;5548
1;14;641.0;233;616.4;758;4580
1;14;503.1;234;499.3;761;3624
1;14;496.3;232;492.3;755;2976
1;11;517.4;234;514.1;749;5807
1;14;568.1;231;563.9;752;3392
1;14;519.7;232;515.6;755;4498
1;14;500.9;233;496.9;758;3063
1;13;543.1;236;525.7;763;4463
1;13;494.6;230;490.7;745;1453
1;14;702.8;331;698.9;1052;4280
1;14;538.7;232;534.6;755;3627
1;13;741.6;329;725.3;1042;5027
1;12;696.4;295;692.7;936;7068
1;13;559.5;236;555.6;763;4062
1;11;479.0;234;475.9;749;3589
1;13;501.9;233;498.1;754;4481
1;14;528.4;231;514.3;752;2586
1;11;611.8;233;595.2;746;3979
1;14;489.1;233;485.3;758;2933
1;14;567.5;233;543.8;758;4754
1;13;521.1;234;500.9;757;2340
1;12;498.7;237;494.9;762;3093
1;13;559.5;235;555.8;760;4597
1;13;666.6;330;652.8;1045;5678
1;14;663.8;329;659.7;1046;4045
1;14;562.2;233;558.2;758;4731
1;13;940.3;332;919.8;1051;6793
1;14;527.2;234;516.9;761;5315
1;12;614.9;236;611.2;759;2449
1;14;643.5;329;639.6;1046;5448
1;11;589.4;235;585.9;752;5430
1;11;582.4;234;576.4;749;4816
1;14;473.7;231;469.9;752;3689
1;14;747.9;331;743.9;1052;5020
1;14;494.6;233;490.3;758;2800
1;14;724.0;331;719.9;1052;4339
1;14;642.3;330;638.1;1049;5635
1;11;445.6;231;442.4;740;4898
1;13;490.0;237;486.2;766;2956
1;14;510.5;232;491.5;755;3284
1;14;466.8;232;462.8;755;2316
1;12;294.6;141;291.1;474;1516
1;13;509.5;234;505.7;757;3487
1;12;510.9;236;507.1;759;2794
1;11;545.9;233;542.5;746;5340
1;12;705.3;333;701.8;1050;7375
1;14;537.1;232;527.0;755;4441
1;14;594.2;234;590.2;761;4030
1;15;522.9;237;505.1;774;3478
1;12;628.6;331;625.0;1044;4134
1;12;569.5;237;566.1;762;3876
1;14;524.5;233;509.0;758;3881
1;13;547.8;245;543.2;790;4114
1;11;440.1;232;436.8;743;2836
1;13;391.8;187;388.0;616;2201
1;14;518.7;233;514.7;758;4671
1;13;495.6;232;481.6;751;5709
1;12;508.0;236;491.8;759;4068
1;11;537.4;235;534.0;752;3087
1;13;529.3;234;525.5;757;3203
1;14;652.5;330;648.5;1049;5170
1;11;544.6;232;541.5;743;4185
1;11;604.2;238;600.8;761;5725
1;13;713.3;331;700.8;1048;6770
1;14;590.7;232;567.8;755;4636
1;12;602.2;238;598.7;765;4514
1;11;668.2;329;660.6;1034;8275
1;13;525.9;232;522.1;751;5226
1;13;480.2;234;476.2;757;4660
1;12;543.1;232;539.7;747;4460
1;13;472.0;232;458.1;751;2137
1;12;468.9;236;455.2;759;4202
1;14;488.0;235;483.9;764;3292
1;12;463.7;236;452.7;759;3839
1;11;522.9;231;519.7;740;5000
1;11;525.4;231;505.5;740;5514
1;13;515.4;236;497.3;763;4324
1;13;542.8;243;538.8;784;6331
1;13;701.0;329;684.9;1042;4517
1;14;550.9;234;546.9;761;3455
1;14;700.2;328;687.4;1043;3030
1;13;542.8;232;528.7;751;2787
1;13;532.7;232;529.1;751;3594
1;13;470.2;235;466.3;760;2804
1;13;510.9;236;497.0;763;4213
1;14;523.3;234;509.0;761;4132
1;11;538.3;232;535.1;743;3697
1;13;501.6;234;498.0;757;4087
1;15;647.2;274;633.4;885;6020
1;13;451.1;233;437.4;754;2243
1;13;581.3;235;569.0;760;6030
1;14;497.1;232;476.8;755;4035
1;14;678.6;329;672.8;1046;4913
1;12;496.1;237;492.5;762;4187
1;14;420.4;231;416.5;752;4515
1;14;457.3;232;452.5;755;2770
1;12;588.6;237;583.7;762;4524
1;13;444.3;232;430.5;751;2943
1;15;338.8;182;334.4;609;1761
1;14;656.7;330;642.3;1049;4988
1;12;778.3;333;761.4;1050;5433
1;12;525.5;236;521.9;759;3034
1;14;509.1;237;495.3;770;3327
1;12;743.9;334;740.3;1053;3295
1;11;541.5;231;530.8;740;5143
1;13;506.6;233;502.7;754;3119
1;14;491.6;234;487.7;761;4426
1;12;840.2;331;836.6;1044;4426
1;11;501.8;234;486.2;749;3236
1;13;503.8;234;500.2;757;2664
1;13;535.1;232;531.2;751;6253
1;11;477.5;234;474.2;749;4065
1;14;540.6;231;528.2;752;4260
1;14;506.0;233;501.8;758;3426
1;13;733.5;332;707.9;1051;2385
1;14;496.3;233;482.3;758;5330
1;13;515.6;237;501.9;766;7003
1;12;627.6;295;623.8;936;3880
1;14;472.7;234;468.5;761;4658
1;12;591.1;242;567.1;777;6977
1;14;486.4;234;481.9;761;2809
1;12;481.8;235;452.8;756;4312
1;11;452.1;234;425.5;749;4249
1;11;554.6;233;551.3;746;5161
1;14;529.3;232;525.4;755;2696
1;13;489.6;234;459.0;757;3051
1;14;384.7;233;372.7;758;4792
1;14;491.6;234;477.6;761;4244
1;14;562.8;236;558.9;767;2748
1;14;484.3;237;480.2;770;3903
1;12;520.1;237;504.5;762;4169
1;13;503.6;236;499.9;763;3148
1;13;531.9;232;511.4;751;4904
1;12;738.3;333;716.9;1050;3641
1;13;544.8;233;541.1;754;4811
1;14;572.5;232;568.4;755;3796
1;11;481.1;233;468.3;746;3493
1;14;632.7;329;619.7;1046;3142
1;14;542.1;233;538.2;758;3582
1;14;531.6;232;527.4;755;4826
1;14;535.6;233;531.3;758;4898
1;13;703.9;332;699.9;1051;4713
1;14;613.2;333;599.2;1058;3948
1;12;482.6;237;478.8;762;3075
1;13;624.1;234;620.2;757;4489
1;13;419.3;231;415.3;748;2949
1;13;507.5;235;490.2;760;2574
1;11;435.6;234;432.4;749;4475
1;14;459.7;232;438.9;755;3456
1;12;468.2;228;464.7;735;2528
1;13;497.5;238;493.8;769;4290
1;13;499.7;235;485.9;760;4827
1;12;551.4;237;523.3;762;4522
1;12;612.2;333;608.6;1050;4838
1;14;546.8;234;542.7;761;3353
1;14;484.7;233;470.4;758;2740
1;13;597.0;232;593.0;751;3459
1;13;504.2;231;490.3;748;4005
1;13;488.0;235;484.1;760;4952
1;12;678.6;332;675.0;1047;3760
1;12;304.3;239;300.8;768;4837
1;14;682.4;330;678.5;1049;8616
1;14;447.2;232;443.2;755;3256
1;12;696.6;332;692.6;1047;5929
1;13;459.2;231;445.2;748;3623
1;13;543.1;269;529.3;862;3387
1;13;322.0;236;309.4;763;4010
1;14;637.9;329;633.8;1046;5138
1;13;698.5;331;684.7;1048;6537
1;12;529.7;234;526.0;753;4290
1;12;461.1;236;457.6;759;2897
1;14;470.6;234;466.2;761;4259
1;14;323.0;232;312.5;755;2473
1;12;860.8;333;857.1;1050;4664
1;12;559.7;236;556.2;759;5847
1;11;592.6;232;579.5;743;6288
1;11;517.3;231;503.9;740;5842
1;14;286.1;233;282.0;758;4241
1;14;452.7;232;428.5;755;3025
1;14;549.8;232;545.6;755;4751
1;11;452.1;231;448.8;740;5611
1;11;526.8;232;492.7;743;2567
1;13;497.4;232;480.1;751;3392
1;13;625.1;233;611.1;754;3580
1;14;706.9;328;702.8;1043;2636
1;13;736.1;330;732.4;1045;4938
1;13;387.3;236;383.5;763;3448
1;13;607.1;232;603.3;751;3553
1;13;365.6;235;361.8;760;3334
1;12;600.0;236;581.8;759;4740
1;12;499.0;237;495.3;762;6993
1;14;462.7;233;448.6;758;4351
1;12;455.6;235;452.2;756;3119
1;14;590.7;234;586.6;761;1874
1;11;461.2;232;458.0;743;4097
1;14;493.5;233;489.5;758;3548
1;11;533.9;233;530.7;746;4586
1;14;541.6;233;535.0;758;3669
1;13;477.0;232;453.2;751;2117
1;14;577.4;236;573.4;767;5377
1;14;661.1;332;657.0;1055;5882
1;14;506.5;233;502.6;758;3425
1;14;776.4;330;772.5;1049;8006
1;14;551.3;232;547.4;755;4363
1;14;520.4;231;509.6;752;3298
1;11;510.9;232;507.6;743;3220
1;13;654.9;332;634.7;1051;4241
1;13;492.6;232;488.9;751;4205
1;14;495.4;233;481.1;758;4233
1;14;765.4;329;761.3;1046;6027
1;13;489.2;236;485.3;763;4241
1;14;443.8;234;439.7;761;3933
1;13;474.9;232;461.0;751;4318
1;11;604.0;232;600.8;743;4057
1;11;508.8;231;505.4;740;3028
1;14;372.0;234;368.2;761;4633
1;13;541.6;235;526.6;760;3984
1;11;585.2;240;575.9;767;5184
1;14;765.7;329;759.4;1046;5650
1;13;465.1;234;461.3;757;3212
1;13;537.8;233;534.2;754;4156
1;13;751.0;336;747.0;1063;6304
1;13;706.1;331;702.2;1048;4080
1;13;798.9;331;794.8;1048;6847
1;14;517.0;232;512.8;755;2289
1;14;440.8;233;432.6;758;4139
1;12;794.5;332;790.7;1047;6261
1;14;557.2;233;546.2;758;4061
1;13;716.1;333;712.5;1054;4814
1;11;506.7;233;503.1;746;5918
1;14;499.1;235;485.1;764;5220
1;11;557.0;233;553.9;746;5381
1;13;457.3;237;453.6;766;4689
1;13;483.3;234;479.4;757;4362
1;13;519.8;236;516.3;763;4298
1;13;528.3;234;524.2;757;5922
1;12;488.2;239;464.5;768;3688
1;14;478.6;231;474.6;752;3723
1;14;493.0;233;489.0;758;3482
1;11;454.1;231;437.6;740;3639
1;12;525.1;238;521.6;765;4086
1;12;452.6;236;449.2;759;2362
1;13;481.2;232;477.4;751;3909
1;11;328.8;233;322.4;746;2071
1;14;617.2;328;613.2;1043;3548
1;13;497.8;235;485.9;760;3492
1;14;504.7;232;483.9;755;4953
1;12;543.3;236;539.8;759;2771
1;13;567.7;233;543.8;754;3258
1;14;363.5;233;359.3;758;2861
1;13;527.5;233;523.8;754;2918
1;11;460.4;232;457.0;743;5424
1;12;495.6;238;491.9;765;3173
1;11;496.1;232;492.9;743;3285
1;14;516.1;233;507.0;758;3638
1;11;568.4;231;565.3;740;5176
1;12;653.7;237;650.3;762;6842
1;14;711.2;328;707.2;1043;5181
1;11;286.6;135;283.4;452;1357
1;13;786.5;329;772.8;1042;5566
1;13;579.3;239;565.4;772;5535
1;12;499.6;236;476.1;759;3030
1;12;516.9;234;493.1;753;5714
1;13;712.4;332;708.5;1051;5419
1;11;599.7;234;596.4;749;2606
1;13;398.1;237;393.9;766;2668
1;14;521.7;232;517.7;755;5791
1;11;639.4;232;630.6;743;4799
1;12;558.3;237;554.8;762;5146
1;13;661.0;233;657.0;754;4966
1;13;674.0;332;670.3;1051;3825
1;12;543.2;238;539.6;765;3113
1;12;666.0;239;661.5;768;3777
1;11;522.0;232;518.9;743;2725
1;12;509.0;236;488.0;759;3995
1;11;520.6;239;517.6;764;5607
1;13;737.0;334;733.2;1057;4203
1;14;520.1;234;510.0;761;4117
1;14;501.8;233;498.1;758;3290
1;13;504.7;231;500.8;748;2685
1;14;539.2;231;535.2;752;3454
1;13;739.4;332;728.7;1051;7104
1;14;496.2;234;488.9;761;3828
1;14;635.7;292;628.4;935;4979
1;11;538.9;234;535.6;749;4734
1;14;469.9;328;466.0;1043;4838
1;11;501.8;246;498.6;785;5364
1;13;726.6;330;722.8;1045;3555
1;11;309.5;233;306.2;746;6699
1;13;486.6;234;482.7;757;3982
1;14;507.3;234;503.3;761;2911
1;14;443.2;232;439.3;755;2912
1;13;824.3;329;820.5;1042;5167
1;11;486.3;234;483.0;749;6896
1;12;726.9;330;713.0;1041;4562
1;13;488.0;233;484.1;754;4168
1;11;370.1;234;363.9;749;4586
1;14;523.8;233;513.6;758;3989
1;11;496.8;231;493.8;740;4203
1;13;562.6;235;558.9;760;4730
1;13;473.9;232;446.9;751;3102
1;14;538.4;232;524.0;755;4756
1;13;499.4;232;495.6;751;3239
1;13;487.1;233;462.9;754;4025
1;14;413.2;328;409.6;1043;5672
1;14;329.2;233;325.5;758;3513
1;13;695.3;329;691.3;1042;6332
1;12;747.4;331;743.7;1044;4630
1;14;769.8;332;765.7;1055;5978
1;13;629.1;239;625.1;772;5385
1;12;945.7;332;928.7;1047;5720
1;13;530.2;234;526.3;757;5967
1;11;379.1;328;375.9;1031;4110
1;13;600.7;233;589.0;754;1901
1;12;674.7;237;671.2;762;3672
1;11;615.6;234;612.1;749;3232
1;13;499.7;238;496.0;769;3248
1;14;742.9;329;738.0;1046;5768
1;13;501.9;236;488.3;763;3673
1;11;544.1;235;540.9;752;6711
1;13;463.6;231;459.9;748;5438
1;11;731.2;329;714.6;1034;6373
1;15;531.7;252;527.5;819;3584
1;12;641.6;235;638.0;756;4019
1;11;674.5;331;671.1;1040;5894
1;14;719.6;330;715.1;1049;5994
1;11;465.1;231;442.7;740;3008
1;12;543.8;239;540.1;768;3979
1;13;555.3;236;538.1;763;4476
1;14;470.8;231;462.9;752;4891
1;13;575.5;238;560.5;769;4507
1;14;615.1;233;610.9;758;4382
1;14;715.9;328;703.8;1043;5383
1;14;426.4;232;422.4;755;4481
1;11;501.0;234;497.8;749;4065
1;11;506.1;232;503.0;743;4374
1;14;608.6;329;604.5;1046;7092
1;14;499.8;233;495.8;758;4472
1;12;489.2;236;485.6;759;3902
1;13;486.0;232;448.7;751;3802
1;11;503.6;229;494.3;734;3617
1;12;332.2;235;327.2;756;4593
1;12;481.2;236;477.6;759;4165
1;11;470.7;231;467.4;740;3133
1;13;481.5;232;474.3;751;2719
1;13;484.8;237;480.9;766;4996
1;14;833.7;330;829.4;1049;7090
1;14;534.5;233;530.4;758;4048
1;11;488.2;233;475.0;746;4477
1;11;406.9;231;403.6;740;1509
1;12;501.8;237;491.4;762;5519
1;13;670.0;329;665.0;1042;6423
1;12;566.2;237;562.6;762;5067
1;13;466.9;240;463.0;775;2946
1;13;337.2;234;333.3;757;5375
1;13;492.7;235;488.9;760;2828
1;14;565.8;230;561.7;749;4120
1;14;394.4;234;390.2;761;2872
1;13;586.9;232;565.4;751;3438
1;14;425.3;234;417.8;761;5068
1;13;481.8;237;478.0;766;4297
1;13;684.0;233;673.7;754;5702
1;14;681.2;332;677.1;1055;6737
1;14;496.5;234;492.4;761;3919
1;12;585.6;244;582.0;783;7499
1;13;509.7;237;499.8;766;2579
1;13;514.6;231;510.9;748;2578
1;11;523.9;234;520.7;749;3944
1;12;591.4;236;579.5;759;4086
