1;1;470.9;35;1.0;77;0
1;1;363.5;35;13.2;77;0
1;1;371.6;35;1.0;77;0
1;1;327.2;35;1.0;77;0
1;1;355.5;35;5.4;77;0
1;1;419.5;35;1.0;77;0
1;1;483.7;35;1.0;77;0
1;1;489.1;35;12.7;77;0
1;1;422.3;35;2.1;77;0
1;1;390.9;35;15.8;77;0
1;1;469.0;35;1.0;77;0
1;1;484.1;35;1.0;77;0
1;1;312.3;35;1.0;77;0
1;1;356.4;35;1.0;77;0
1;1;346.9;35;9.4;77;0
1;1;496.9;35;1.1;77;0
1;1;429.7;35;1.1;77;0
1;1;501.2;35;1.0;77;0
1;1;388.9;35;1.1;77;0
1;1;466.8;35;1.1;77;0
1;1;451.6;35;1.1;77;0
1;1;364.6;35;1.0;77;0
1;1;495.5;35;38.2;77;0
1;1;557.9;35;1.0;77;0
1;1;435.2;35;1.0;77;0
1;1;387.2;35;1.0;77;0
1;1;448.2;35;1.1;77;0
1;1;421.6;35;1.0;77;0
1;1;536.6;35;1.0;77;0
1;1;331.9;35;1.1;77;0
1;1;434.1;35;7.5;77;0
1;1;443.4;35;1.0;77;0
1;1;381.6;35;13.6;77;0
1;1;306.6;35;1.0;77;0
1;1;443.3;35;1.1;77;0
1;1;432.3;35;1.1;77;0
1;1;524.6;35;1.0;77;0
1;1;355.2;35;10.4;77;0
1;1;610.8;35;20.3;77;0
1;1;495.8;35;1.0;77;0
1;1;481.6;35;1.1;77;0
1;1;593.1;35;1.0;77;0
1;1;341.9;35;1.0;77;0
1;1;534.4;35;1.1;77;0
1;1;496.9;35;1.1;77;0
1;1;516.9;35;1.0;77;0
1;1;527.0;35;1.0;77;0
1;1;550.4;35;1.1;77;0
1;1;571.1;35;1.1;77;0
1;1;374.7;35;5.0;77;0
1;1;505.2;35;1.1;77;0
1;1;478.0;35;1.1;77;0
1;1;428.4;35;1.1;77;0
1;1;400.3;35;1.1;77;0
1;1;515.5;35;1.1;77;0
1;1;501.0;35;1.1;77;0
1;1;454.7;35;1.1;77;0
1;1;386.9;35;1.0;77;0
1;1;363.7;35;1.1;77;0
1;1;531.1;35;1.1;77;0
1;1;379.7;35;1.1;77;0
1;1;414.7;35;1.0;77;0
1;1;328.9;35;1.0;77;0
1;1;512.8;35;1.1;77;0
1;1;373.6;35;1.1;77;0
1;1;470.8;35;5.9;77;0
1;1;437.3;35;1.1;77;0
1;1;282.2;35;9.1;77;0
1;1;319.0;35;26.0;77;0
1;1;349.3;35;9.1;77;0
1;1;354.0;35;13.7;77;0
1;1;473.0;35;4.1;77;0
1;1;469.6;35;1.1;77;0
1;1;486.9;35;1.1;77;0
1;1;432.7;35;18.9;77;0
1;1;406.6;35;1.1;77;0
1;1;367.8;35;20.1;77;0
1;1;298.7;35;1.1;77;0
1;1;432.1;35;7.0;77;0
1;1;321.0;35;13.8;77;0
1;1;330.5;35;1.1;77;0
1;1;338.3;35;27.5;77;0
1;1;339.1;35;13.1;77;0
1;1;430.2;35;1.0;77;0
1;1;341.6;35;1.1;77;0
1;1;517.5;35;1.1;77;0
1;1;483.5;35;1.0;77;0
1;1;500.3;35;1.1;77;0
1;1;395.0;35;1.1;77;0
1;1;513.6;35;1.1;77;0
1;1;468.3;35;1.1;77;0
1;1;414.7;35;1.1;77;0
1;1;419.4;35;1.0;77;0
1;1;471.8;35;1.0;77;0
1;1;490.6;35;1.0;77;0
1;1;372.4;35;1.0;77;0
1;1;461.6;35;1.0;77;0
1;1;425.7;35;1.0;77;0
1;1;466.7;35;10.9;77;0
1;1;431.7;35;1.0;77;0
1;1;406.8;35;1.1;77;0
1;1;448.7;35;1.0;77;0
1;1;288.1;35;1.0;77;0
1;1;308.5;35;1.0;77;0
1;1;392.7;35;1.0;77;0
1;1;318.9;35;1.0;77;0
1;1;325.5;35;1.0;77;0
1;1;632.0;35;1.1;77;0
1;1;510.9;35;13.1;77;0
1;1;392.8;35;9.4;77;0
1;1;431.5;35;10.7;77;0
1;1;321.1;35;1.1;77;0
1;1;598.7;35;28.2;77;0
1;1;484.6;35;1.1;77;0
1;1;471.2;35;1.1;77;0
1;1;339.3;35;1.0;77;0
1;1;413.8;35;1.1;77;0
1;1;439.0;35;1.0;77;0
1;1;562.4;35;1.0;77;0
1;1;489.5;35;1.0;77;0
1;1;460.2;35;16.8;77;0
1;1;391.6;35;1.1;77;0
1;1;488.1;35;1.1;77;0
1;1;458.4;35;5.3;77;0
1;1;440.4;35;1.1;77;0
1;1;375.5;35;1.0;77;0
1;1;525.0;35;1.1;77;0
1;1;499.6;35;1.1;77;0
1;1;543.9;35;1.1;77;0
1;1;415.4;35;1.1;77;0
1;1;463.4;35;1.1;77;0
1;1;418.8;35;1.0;77;0
1;1;380.6;35;1.0;77;0
1;1;336.1;35;1.0;77;0
1;1;382.8;35;1.0;77;0
1;1;462.7;35;1.1;77;0
1;1;467.3;35;1.1;77;0
1;1;459.3;35;1.0;77;0
1;1;286.8;35;1.1;77;0
1;1;436.6;35;1.0;77;0
1;1;426.9;35;1.0;77;0
1;1;411.7;35;1.0;77;0
1;1;341.1;35;1.0;77;0
1;1;448.3;35;1.0;77;0
1;1;238.0;35;1.1;77;0
1;1;367.9;35;1.1;77;0
1;1;376.9;35;1.1;77;0
1;1;315.2;35;1.1;77;0
1;1;275.7;35;1.1;77;0
1;1;449.5;35;1.1;77;0
1;1;522.1;35;39.8;77;0
1;1;391.3;35;1.1;77;0
1;1;397.0;35;1.1;77;0
1;1;444.7;35;1.0;77;0
1;1;380.3;35;1.1;77;0
1;1;546.5;35;1.1;77;0
1;1;492.4;35;1.1;77;0
1;1;361.1;35;1.1;77;0
1;1;451.4;35;1.1;77;0
1;1;572.0;35;1.1;77;0
1;1;354.4;35;1.1;77;0
1;1;468.2;35;1.0;77;0
1;1;426.7;35;1.0;77;0
1;1;513.5;35;1.1;77;0
1;1;458.6;35;1.1;77;0
1;1;458.4;35;1.1;77;0
1;1;461.1;35;1.0;77;0
1;1;426.5;35;1.0;77;0
1;1;568.2;35;9.4;77;0
1;1;523.7;35;3.0;77;0
1;1;504.3;35;1.0;77;0
1;1;395.2;35;1.0;77;0
1;1;397.9;35;1.0;77;0
1;1;361.7;35;1.1;77;0
1;1;409.5;35;25.5;77;0
1;1;453.3;35;23.2;77;0
1;1;348.1;35;1.1;77;0
1;1;376.9;35;1.1;77;0
1;1;397.0;35;1.0;77;0
1;1;436.3;35;1.0;77;0
1;1;458.3;35;1.0;77;0
1;1;541.7;35;1.0;77;0
1;1;510.5;35;1.0;77;0
1;1;508.3;35;1.0;77;0
1;1;537.5;35;1.1;77;0
1;1;454.8;35;1.1;77;0
1;1;434.5;35;12.3;77;0
1;1;438.7;35;1.1;77;0
1;1;559.8;35;1.1;77;0
1;1;451.7;35;1.1;77;0
1;1;464.8;35;1.0;77;0
1;1;503.8;35;1.1;77;0
1;1;554.7;35;1.1;77;0
1;1;484.2;35;1.1;77;0
1;1;437.6;35;1.1;77;0
1;1;416.6;35;9.1;77;0
1;1;552.9;35;9.5;77;0
1;1;314.2;35;6.9;77;0
1;1;412.8;35;1.0;77;0
1;1;332.2;35;18.2;77;0
1;1;323.8;35;1.1;77;0
1;1;223.7;35;11.0;77;0
1;1;232.2;35;6.8;77;0
1;1;246.6;35;1.0;77;0
1;1;415.9;35;1.1;77;0
1;1;520.2;35;1.0;77;0
1;1;429.0;35;1.0;77;0
1;1;428.7;35;1.0;77;0
1;1;294.0;35;1.0;77;0
1;1;275.5;35;14.4;77;0
1;1;384.1;35;1.0;77;0
1;1;572.1;35;1.0;77;0
1;1;390.7;35;1.1;77;0
1;1;315.3;35;1.1;77;0
1;1;430.7;35;1.1;77;0
1;1;329.1;35;1.1;77;0
1;1;298.7;35;1.1;77;0
1;1;281.7;35;1.1;77;0
1;1;352.9;35;1.1;77;0
1;1;587.1;35;1.0;77;0
1;1;429.3;35;1.1;77;0
1;1;622.5;35;1.0;77;0
1;1;260.7;35;1.0;77;0
1;1;386.1;35;1.0;77;0
1;1;399.7;35;1.0;77;0
1;1;592.4;35;1.0;77;0
1;1;487.0;35;1.0;77;0
1;1;485.9;35;1.1;77;0
1;1;421.1;35;1.1;77;0
1;1;337.8;35;1.1;77;0
1;1;374.5;35;1.1;77;0
1;1;466.9;35;1.0;77;0
1;1;469.7;35;1.1;77;0
1;1;514.3;35;1.1;77;0
1;1;409.3;35;1.0;77;0
1;1;345.4;35;1.1;77;0
1;1;370.3;35;1.1;77;0
1;1;528.7;35;1.1;77;0
1;1;534.1;35;1.1;77;0
1;1;498.3;35;1.1;77;0
1;1;359.3;35;1.1;77;0
1;1;373.7;35;1.0;77;0
1;1;502.6;35;1.0;77;0
1;1;394.4;35;1.0;77;0
1;1;579.2;35;1.1;77;0
1;1;431.5;35;1.1;77;0
1;1;432.0;35;1.0;77;0
1;1;342.8;35;1.1;77;0
1;1;392.2;35;1.0;77;0
1;1;530.0;35;1.0;77;0
1;1;439.0;35;1.1;77;0
1;1;387.1;35;1.0;77;0
1;1;495.3;35;1.1;77;0
1;1;370.5;35;1.1;77;0
1;1;383.0;35;1.2;77;0
1;1;556.1;35;1.1;77;0
1;1;453.0;35;1.1;77;0
1;1;411.1;35;1.1;77;0
1;1;433.1;35;1.1;77;0
1;1;412.6;35;1.1;77;0
1;1;635.1;35;23.7;77;0
1;1;462.3;35;1.0;77;0
1;1;414.3;35;1.1;77;0
1;1;543.3;35;1.1;77;0
1;1;416.1;35;1.0;77;0
1;1;349.3;35;1.1;77;0
1;1;374.9;35;1.0;77;0
1;1;468.8;35;1.1;77;0
1;1;508.7;35;1.1;77;0
1;1;353.6;35;1.1;77;0
1;1;596.3;35;1.1;77;0
1;1;387.9;35;1.1;77;0
1;1;439.6;35;1.1;77;0
1;1;398.1;35;1.0;77;0
1;1;342.7;35;9.6;77;0
1;1;332.8;35;1.1;77;0
1;1;440.8;35;1.0;77;0
1;1;546.3;35;1.0;77;0
1;1;448.1;35;1.1;77;0
1;1;455.9;35;1.0;77;0
1;1;518.4;35;1.1;77;0
1;1;460.8;35;10.2;77;0
1;1;507.0;35;1.1;77;0
1;1;340.7;35;1.0;77;0
1;1;428.7;35;1.0;77;0
1;1;430.1;35;1.0;77;0
1;1;640.2;35;1.0;77;0
1;1;368.0;35;1.0;77;0
1;1;405.1;35;1.0;77;0
1;1;351.1;35;1.0;77;0
1;1;329.0;35;1.0;77;0
1;1;369.8;35;10.9;77;0
1;1;536.5;35;1.1;77;0
1;1;454.2;35;1.1;77;0
1;1;390.4;35;1.1;77;0
1;1;412.1;35;1.0;77;0
1;1;409.4;35;1.1;77;0
1;1;662.3;35;1.0;77;0
1;1;296.6;35;34.7;77;0
1;1;470.2;35;1.0;77;0
1;1;297.9;35;1.0;77;0
1;1;394.3;35;1.1;77;0
1;1;380.3;35;1.0;77;0
1;1;509.9;35;1.0;77;0
1;1;541.2;35;12.9;77;0
1;1;411.4;35;1.1;77;0
1;1;403.0;35;7.0;77;0
1;1;314.9;35;1.0;77;0
1;1;293.1;35;1.0;77;0
1;1;375.5;35;1.1;77;0
1;1;462.9;35;1.1;77;0
1;1;501.6;35;1.1;77;0
1;1;549.8;35;1.0;77;0
1;1;479.5;35;1.1;77;0
1;1;445.0;35;1.0;77;0
1;1;456.4;35;1.0;77;0
1;1;403.5;35;7.2;77;0
1;1;516.4;35;1.2;77;0
1;1;505.1;35;1.1;77;0
1;1;552.5;35;1.0;77;0
1;1;364.3;35;1.1;77;0
1;1;363.2;35;1.1;77;0
1;1;418.3;35;1.1;77;0
1;1;444.6;35;1.0;77;0
1;1;418.2;35;1.1;77;0
1;1;364.9;35;1.1;77;0
1;1;548.8;35;1.1;77;0
1;1;552.5;35;1.1;77;0
1;1;348.5;35;1.1;77;0
1;1;422.4;35;1.1;77;0
1;1;300.1;35;1.1;77;0
1;1;390.3;35;1.1;77;0
1;1;355.4;35;1.1;77;0
1;1;407.3;35;1.1;77;0
1;1;365.9;35;1.1;77;0
1;1;418.3;35;22.7;77;0
1;1;359.9;35;1.1;77;0
1;1;380.6;35;1.1;77;0
1;1;331.1;35;1.0;77;0
1;1;429.4;35;1.1;77;0
1;1;366.4;35;1.1;77;0
1;1;308.4;35;1.1;77;0
1;1;398.4;35;1.1;77;0
1;1;419.8;35;1.1;77;0
1;1;204.9;35;1.0;77;0
1;1;626.7;35;1.0;77;0
1;1;451.6;35;1.1;77;0
1;1;423.9;35;1.1;77;0
1;1;460.1;35;1.1;77;0
1;1;359.2;35;1.0;77;0
1;1;389.1;35;1.0;77;0
1;1;484.3;35;1.1;77;0
1;1;425.7;35;1.1;77;0
1;1;375.0;35;1.1;77;0
1;1;465.7;35;1.0;77;0
1;1;398.2;35;1.0;77;0
1;1;520.3;35;1.0;77;0
1;1;435.6;35;37.6;77;0
1;1;348.4;35;1.1;77;0
1;1;358.9;35;1.0;77;0
1;1;438.2;35;1.0;77;0
1;1;391.2;35;1.1;77;0
1;1;558.7;35;1.0;77;0
1;1;257.4;35;28.6;77;0
1;1;508.2;35;1.1;77;0
1;1;422.1;35;1.0;77;0
1;1;436.0;35;1.1;77;0
1;1;493.3;35;1.0;77;0
1;1;351.8;35;1.0;77;0
1;1;457.7;35;1.1;77;0
1;1;351.5;35;1.0;77;0
1;1;553.0;35;1.1;77;0
1;1;305.6;35;8.9;77;0
1;1;465.7;35;1.0;77;0
1;1;485.6;35;1.0;77;0
1;1;386.5;35;1.0;77;0
1;1;417.4;35;1.1;77;0
1;1;370.9;35;1.1;77;0
1;1;442.9;35;1.0;77;0
1;1;491.2;35;1.1;77;0
1;1;362.7;35;9.7;77;0
1;1;460.3;35;1.1;77;0
1;1;348.4;35;24.1;77;0
1;1;376.6;35;34.3;77;0
1;1;344.1;35;1.0;77;0
1;1;342.4;35;1.0;77;0
1;1;378.8;35;1.0;77;0
1;1;567.0;35;1.0;77;0
1;1;500.0;35;1.0;77;0
1;1;454.5;35;1.0;77;0
1;1;400.9;35;1.1;77;0
1;1;325.9;35;1.0;77;0
1;1;352.0;35;1.1;77;0
1;1;295.2;35;11.0;77;0
1;1;427.1;35;1.1;77;0
1;1;479.3;35;1.1;77;0
1;1;356.4;35;1.0;77;0
1;1;445.1;35;1.1;77;0
1;1;437.8;35;1.1;77;0
1;1;443.3;35;1.1;77;0
1;1;467.9;35;1.0;77;0
1;1;402.7;35;1.1;77;0
1;1;444.2;35;1.0;77;0
1;1;330.6;35;1.1;77;0
1;1;323.4;35;1.0;77;0
1;1;361.2;35;1.0;77;0
1;1;393.5;35;1.2;77;0
1;1;428.9;35;1.0;77;0
1;1;478.3;35;1.0;77;0
1;1;429.1;35;1.0;77;0
1;1;414.6;35;1.1;77;0
1;1;535.1;35;1.0;77;0
1;1;266.1;35;5.3;77;0
1;1;302.5;35;6.9;77;0
1;1;351.5;35;1.0;77;0
1;1;295.2;35;15.7;77;0
1;1;336.6;35;1.0;77;0
1;1;546.2;35;1.1;77;0
1;1;348.9;35;1.1;77;0
1;1;504.7;35;1.0;77;0
1;1;492.6;35;1.0;77;0
1;1;480.0;35;12.7;77;0
1;1;363.6;35;1.0;77;0
1;1;337.2;35;1.1;77;0
1;1;349.7;35;1.1;77;0
1;1;605.3;35;4.7;77;0
1;1;274.5;35;10.9;77;0
1;1;576.3;35;1.0;77;0
1;1;505.2;35;1.0;77;0
1;1;446.6;35;1.1;77;0
1;1;518.6;35;1.0;77;0
1;1;516.8;35;1.1;77;0
1;1;427.8;35;1.1;77;0
1;1;462.7;35;1.1;77;0
1;1;490.0;35;1.0;77;0
1;1;363.1;35;1.1;77;0
1;1;342.7;35;1.0;77;0
1;1;322.6;35;1.1;77;0
1;1;482.5;35;1.1;77;0
1;1;339.1;35;1.1;77;0
1;1;463.2;35;1.1;77;0
1;1;556.1;35;1.0;77;0
1;1;375.0;35;1.1;77;0
1;1;667.2;35;41.0;77;0
1;1;478.9;35;1.0;77;0
1;1;530.3;35;7.4;77;0
1;1;505.3;35;16.1;77;0
1;1;269.6;35;1.1;77;0
1;1;294.2;35;7.2;77;0
1;1;301.3;35;13.4;77;0
1;1;369.1;35;7.0;77;0
1;1;340.9;35;1.1;77;0
1;1;327.9;35;1.1;77;0
1;1;276.6;35;9.9;77;0
1;1;465.7;35;1.1;77;0
1;1;423.4;35;1.0;77;0
1;1;484.3;35;1.1;77;0
1;1;442.5;35;1.0;77;0
1;1;481.5;35;1.0;77;0
1;1;375.7;35;1.0;77;0
1;1;259.0;35;1.0;77;0
1;1;329.6;35;3.9;77;0
1;1;342.2;35;9.1;77;0
1;1;437.1;35;1.1;77;0
1;1;384.9;35;1.0;77;0
1;1;381.1;35;1.0;77;0
1;1;471.6;35;1.1;77;0
1;1;454.5;35;1.0;77;0
1;1;507.9;35;1.0;77;0
1;1;275.1;35;5.8;77;0
1;1;408.4;35;1.0;77;0
1;1;474.1;35;1.1;77;0
1;1;489.0;35;1.0;77;0
1;1;341.5;35;1.1;77;0
1;1;400.3;35;1.1;77;0
1;1;473.0;35;1.0;77;0
1;1;458.3;35;1.1;77;0
1;1;348.8;35;1.0;77;0
1;1;387.6;35;1.0;77;0
1;1;251.5;35;9.0;77;0
1;1;391.0;35;32.3;77;0
1;1;558.4;35;1.0;77;0
1;1;554.1;35;11.6;77;0
1;1;344.4;35;1.1;77;0
1;1;355.6;35;1.0;77;0
1;1;364.7;35;1.0;77;0
1;1;387.8;35;14.3;77;0
1;1;549.7;35;1.1;77;0
1;1;407.8;35;1.0;77;0
1;1;210.0;35;4.0;77;0
1;1;451.6;35;1.1;77;0
1;1;317.4;35;6.9;77;0
1;1;340.5;35;1.1;77;0
1;1;377.2;35;13.3;77;0
1;1;397.0;35;13.1;77;0
1;1;359.1;35;1.1;77;0
1;1;441.2;35;17.1;77;0
1;1;434.3;35;10.2;77;0
1;1;448.3;35;1.0;77;0
1;1;378.6;35;12.0;77;0
1;1;570.3;35;1.1;77;0
1;1;636.9;35;1.1;77;0
1;1;442.4;35;1.1;77;0
1;1;579.4;35;12.9;77;0
1;1;422.1;35;1.1;77;0
1;1;337.2;35;34.2;77;0
1;1;413.0;35;1.1;77;0
1;1;454.1;35;1.1;77;0
1;1;363.4;35;1.1;77;0
1;1;404.6;35;9.2;77;0
1;1;336.8;35;1.1;77;0
1;1;378.2;35;1.0;77;0
1;1;287.5;35;1.1;77;0
1;1;512.9;35;1.1;77;0
1;1;518.1;35;1.1;77;0
1;1;504.9;35;1.0;77;0
1;1;382.4;35;1.1;77;0
1;1;366.8;35;5.1;77;0
1;1;419.9;35;1.1;77;0
1;1;336.3;35;1.0;77;0
1;1;493.1;35;1.1;77;0
1;1;425.4;35;1.1;77;0
1;1;323.0;35;1.1;77;0
1;1;371.7;35;1.1;77;0
1;1;323.1;35;1.1;77;0
1;1;456.9;35;20.8;77;0
1;1;325.2;35;6.6;77;0
1;1;474.9;35;1.1;77;0
1;1;309.9;35;17.7;77;0
1;1;417.7;35;1.1;77;0
1;1;538.1;35;1.0;77;0
1;1;428.6;35;1.0;77;0
1;1;439.1;35;1.1;77;0
1;1;322.9;35;13.6;77;0
1;1;442.8;35;1.1;77;0
1;1;378.6;35;1.1;77;0
1;1;380.9;35;1.1;77;0
1;1;459.2;35;1.1;77;0
1;1;491.9;35;1.1;77;0
1;1;501.2;35;1.0;77;0
1;1;438.3;35;1.0;77;0
1;1;331.3;35;1.0;77;0
1;1;531.7;35;1.1;77;0
1;1;345.6;35;11.6;77;0
1;1;458.4;35;13.1;77;0
1;1;450.8;35;1.0;77;0
1;1;508.3;35;1.1;77;0
1;1;385.1;35;1.1;77;0
1;1;371.8;35;1.1;77;0
1;1;368.2;35;1.1;77;0
1;1;422.9;35;1.1;77;0
1;1;324.5;35;1.0;77;0
1;1;624.8;35;1.1;77;0
1;1;560.4;35;1.0;77;0
1;1;541.3;35;1.0;77;0
1;1;405.2;35;1.0;77;0
1;1;492.7;35;1.1;77;0
1;1;293.1;35;8.6;77;0
1;1;412.6;35;1.1;77;0
1;1;438.6;35;1.1;77;0
1;1;425.1;35;1.1;77;0
1;1;397.3;35;1.0;77;0
1;1;616.8;35;6.0;77;0
1;1;461.2;35;1.0;77;0
1;1;502.3;35;1.0;77;0
1;1;298.6;35;1.1;77;0
1;1;530.5;35;8.0;77;0
1;1;341.4;35;1.1;77;0
1;1;464.5;35;32.4;77;0
1;1;445.9;35;11.3;77;0
1;1;386.1;35;1.1;77;0
1;1;296.7;35;1.0;77;0
1;1;422.4;35;1.1;77;0
1;1;531.4;35;16.4;77;0
1;1;400.4;35;1.0;77;0
1;1;338.5;35;7.9;77;0
1;1;571.1;35;11.8;77;0
1;1;253.5;35;14.6;77;0
1;1;457.7;35;1.0;77;0
1;1;457.9;35;1.0;77;0
1;1;528.4;35;1.1;77;0
1;1;371.0;35;1.1;77;0
1;1;592.6;35;9.1;77;0
1;1;370.7;35;1.0;77;0
1;1;335.0;35;18.1;77;0
1;1;379.8;35;6.3;77;0
1;1;518.3;35;1.0;77;0
1;1;388.0;35;1.1;77;0
1;1;379.5;35;7.4;77;0
1;1;366.7;35;13.6;77;0
1;1;425.1;35;1.2;77;0
1;1;376.4;35;1.0;77;0
1;1;344.2;35;1.1;77;0
1;1;464.2;35;1.0;77;0
1;1;489.1;35;1.1;77;0
1;1;307.7;35;1.1;77;0
1;1;298.4;35;1.0;77;0
1;1;403.9;35;14.5;77;0
1;1;541.2;35;1.1;77;0
1;1;527.9;35;1.1;77;0
1;1;514.4;35;1.1;77;0
1;1;391.3;35;1.0;77;0
1;1;504.6;35;1.1;77;0
1;1;297.3;35;21.9;77;0
1;1;396.9;35;9.7;77;0
1;1;465.9;35;43.6;77;0
1;1;389.1;35;1.0;77;0
1;1;382.6;35;1.1;77;0
1;1;471.1;35;1.1;77;0
1;1;318.2;35;1.1;77;0
1;1;334.8;35;4.7;77;0
1;1;337.3;35;8.0;77;0
1;1;502.0;35;25.3;77;0
1;1;350.3;35;1.0;77;0
1;1;405.8;35;1.1;77;0
1;1;439.7;35;1.0;77;0
1;1;603.7;35;12.8;77;0
1;1;336.0;35;1.1;77;0
1;1;395.4;35;1.1;77;0
1;1;442.0;35;1.0;77;0
1;1;400.8;35;6.1;77;0
1;1;411.5;35;14.6;77;0
1;1;467.8;35;1.0;77;0
1;1;446.8;35;1.0;77;0
1;1;373.4;35;1.0;77;0
1;1;427.4;35;1.1;77;0
1;1;405.1;35;3.9;77;0
1;1;330.2;35;1.0;77;0
1;1;352.7;35;3.8;77;0
1;1;470.1;35;1.1;77;0
1;1;617.2;35;1.1;77;0
1;1;369.8;35;14.5;77;0
1;1;332.3;35;1.1;77;0
1;1;518.3;35;1.1;77;0
1;1;287.5;35;1.1;77;0
1;1;429.8;35;1.1;77;0
1;1;511.8;35;1.1;77;0
1;1;459.8;35;9.5;77;0
1;1;408.8;35;1.1;77;0
1;1;504.2;35;1.1;77;0
1;1;370.4;35;19.2;77;0
1;1;700.3;35;3.9;77;0
1;1;374.6;35;8.3;77;0
1;1;290.7;35;11.5;77;0
1;1;541.1;35;1.0;77;0
1;1;395.6;35;1.1;77;0
1;1;491.6;35;1.1;77;0
1;1;508.3;35;1.1;77;0
1;1;603.0;35;1.0;77;0
1;1;276.2;35;11.0;77;0
1;1;250.3;35;1.1;77;0
1;1;402.9;35;1.1;77;0
1;1;268.1;35;9.7;77;0
1;1;501.4;35;1.1;77;0
1;1;556.1;35;1.1;77;0
1;1;332.3;35;1.0;77;0
1;1;384.1;35;1.0;77;0
1;1;593.3;35;1.1;77;0
1;1;471.4;35;1.0;77;0
1;1;491.1;35;1.0;77;0
1;1;411.7;35;1.0;77;0
1;1;252.3;35;1.1;77;0
1;1;450.2;35;1.1;77;0
1;1;360.8;35;16.9;77;0
1;1;395.0;35;19.1;77;0
1;1;479.8;35;19.7;77;0
1;1;408.2;35;1.0;77;0
1;1;260.3;35;1.1;77;0
1;1;454.6;35;1.1;77;0
1;1;388.5;35;1.0;77;0
1;1;318.6;35;1.0;77;0
1;1;408.1;35;1.0;77;0
1;1;395.1;35;1.1;77;0
1;1;334.2;35;1.1;77;0
1;1;541.0;35;13.3;77;0
1;1;460.5;35;1.0;77;0
1;1;503.5;35;1.1;77;0
1;1;557.9;35;1.0;77;0
1;1;511.1;35;1.0;77;0
1;1;396.7;35;1.0;77;0
1;1;371.1;35;1.1;77;0
1;1;580.0;35;1.1;77;0
1;1;330.4;35;1.1;77;0
1;1;334.9;35;8.4;77;0
1;1;308.1;35;1.1;77;0
1;1;377.9;35;1.0;77;0
1;1;554.3;35;20.3;77;0
1;1;529.3;35;1.0;77;0
1;1;483.0;35;1.0;77;0
1;1;357.9;35;1.1;77;0
1;1;505.2;35;31.9;77;0
1;1;416.1;35;1.1;77;0
1;1;635.2;35;1.1;77;0
1;1;442.6;35;1.0;77;0
1;1;554.4;35;1.0;77;0
1;1;433.0;35;1.1;77;0
1;1;463.4;35;1.1;77;0
1;1;532.1;35;1.0;77;0
1;1;494.0;35;1.1;77;0
1;1;407.4;35;1.1;77;0
1;1;432.0;35;2.6;77;0
1;1;547.7;35;1.1;77;0
1;1;603.6;35;1.0;77;0
1;1;502.9;35;1.0;77;0
1;1;406.1;35;1.0;77;0
1;1;508.7;35;14.0;77;0
1;1;494.0;35;1.0;77;0
1;1;582.7;35;1.1;77;0
1;1;397.1;35;1.1;77;0
1;1;235.6;35;11.5;77;0
1;1;540.1;35;1.1;77;0
1;1;477.0;35;1.0;77;0
1;1;401.4;35;1.0;77;0
1;1;428.5;35;1.1;77;0
1;1;437.7;35;1.1;77;0
1;1;391.8;35;1.0;77;0
1;1;392.8;35;1.1;77;0
1;1;441.7;35;1.1;77;0
1;1;404.6;35;47.6;77;0
1;1;482.5;35;1.1;77;0
1;1;344.6;35;1.0;77;0
1;1;396.3;35;1.0;77;0
1;1;409.6;35;1.0;77;0
1;1;421.0;35;1.2;77;0
1;1;274.5;35;1.1;77;0
1;1;475.2;35;1.1;77;0
1;1;421.1;35;1.1;77;0
1;1;382.4;35;12.2;77;0
1;1;470.6;35;1.0;77;0
1;1;484.6;35;1.0;77;0
1;1;325.2;35;1.0;77;0
1;1;273.7;35;1.1;77;0
1;1;429.9;35;1.0;77;0
1;1;410.8;35;1.0;77;0
1;1;602.7;35;1.1;77;0
1;1;459.4;35;1.1;77;0
1;1;536.1;35;1.0;77;0
1;1;430.3;35;1.1;77;0
1;1;468.4;35;1.1;77;0
1;1;454.4;35;1.1;77;0
1;1;431.3;35;1.1;77;0
1;1;409.5;35;1.1;77;0
1;1;386.6;35;1.1;77;0
1;1;406.7;35;7.0;77;0
1;1;405.7;35;1.1;77;0
1;1;363.7;35;1.1;77;0
1;1;470.1;35;1.1;77;0
1;1;523.7;35;1.1;77;0
1;1;562.0;35;1.1;77;0
1;1;355.4;35;1.0;77;0
1;1;416.2;35;1.1;77;0
1;1;515.8;35;1.1;77;0
1;1;440.9;35;1.1;77;0
1;1;557.2;35;1.1;77;0
1;1;448.0;35;1.0;77;0
1;1;513.1;35;1.1;77;0
1;1;451.3;35;15.2;77;0
1;1;429.1;35;1.0;77;0
1;1;331.1;35;1.1;77;0
1;1;676.6;35;13.4;77;0
1;1;447.3;35;6.3;77;0
1;1;409.4;35;1.1;77;0
1;1;492.1;35;1.0;77;0
1;1;454.3;35;1.0;77;0
1;1;423.2;35;1.0;77;0
1;1;333.9;35;1.0;77;0
1;1;440.7;35;1.1;77;0
1;1;320.2;35;1.1;77;0
1;1;488.3;35;27.0;77;0
1;1;383.8;35;6.0;77;0
1;1;523.1;35;1.0;77;0
1;1;508.3;35;1.0;77;0
1;1;355.1;35;1.0;77;0
1;1;416.1;35;1.1;77;0
1;1;651.1;35;1.1;77;0
1;1;415.0;35;1.0;77;0
1;1;333.9;35;1.0;77;0
1;1;443.2;35;1.0;77;0
1;1;409.7;35;1.0;77;0
1;1;526.0;35;1.0;77;0
1;1;545.0;35;1.1;77;0
1;1;534.1;35;1.0;77;0
1;1;504.1;35;1.0;77;0
1;1;464.7;35;1.1;77;0
1;1;542.9;35;1.1;77;0
1;1;518.0;35;1.0;77;0
1;1;376.6;35;1.0;77;0
1;1;494.2;35;1.0;77;0
1;1;340.9;35;1.1;77;0
1;1;382.0;35;1.0;77;0
1;1;542.4;35;1.0;77;0
1;1;503.0;35;1.0;77;0
1;1;431.6;35;1.1;77;0
1;1;460.7;35;1.1;77;0
1;1;464.9;35;1.0;77;0
1;1;471.1;35;1.0;77;0
1;1;379.1;35;1.0;77;0
1;1;347.7;35;1.0;77;0
1;1;396.5;35;1.0;77;0
1;1;430.3;35;1.0;77;0
1;1;374.2;35;1.1;77;0
1;1;379.8;35;10.4;77;0
1;1;521.4;35;1.1;77;0
1;1;582.6;35;1.1;77;0
1;1;549.4;35;1.1;77;0
1;1;435.8;35;1.1;77;0
1;1;364.4;35;1.1;77;0
1;1;362.7;35;1.1;77;0
1;1;354.1;35;6.3;77;0
1;1;419.7;35;1.0;77;0
1;1;498.2;35;1.0;77;0
1;1;417.0;35;1.1;77;0
1;1;451.7;35;1.1;77;0
1;1;476.6;35;1.0;77;0
1;1;383.1;35;1.1;77;0
1;1;406.3;35;14.5;77;0
1;1;375.1;35;1.0;77;0
1;1;442.4;35;1.0;77;0
1;1;416.1;35;1.0;77;0
1;1;309.5;35;1.0;77;0
1;1;467.1;35;1.1;77;0
1;1;456.2;35;1.1;77;0
1;1;501.2;35;1.0;77;0
1;1;437.4;35;1.1;77;0
1;1;410.2;35;1.0;77;0
1;1;413.7;35;1.0;77;0
1;1;382.3;35;1.0;77;0
1;1;303.5;35;1.1;77;0
1;1;417.7;35;1.1;77;0
1;1;409.5;35;1.0;77;0
1;1;395.1;35;1.0;77;0
1;1;416.0;35;1.1;77;0
1;1;445.0;35;1.1;77;0
1;1;426.7;35;1.1;77;0
1;1;561.6;35;1.0;77;0
1;1;383.3;35;1.1;77;0
1;1;345.3;35;1.1;77;0
1;1;545.8;35;1.0;77;0
1;1;458.2;35;1.0;77;0
1;1;468.3;35;1.1;77;0
1;1;511.8;35;1.0;77;0
1;1;375.9;35;1.0;77;0
1;1;378.2;35;1.1;77;0
1;1;391.7;35;1.1;77;0
1;1;461.0;35;1.0;77;0
1;1;437.4;35;1.0;77;0
1;1;458.7;35;27.4;77;0
1;1;404.1;35;1.0;77;0
1;1;565.7;35;1.0;77;0
1;1;451.2;35;1.1;77;0
1;1;495.9;35;1.0;77;0
1;1;509.8;35;1.1;77;0
1;1;558.2;35;9.2;77;0
1;1;326.8;35;1.0;77;0
1;1;385.6;35;14.9;77;0
1;1;436.6;35;1.0;77;0
1;1;404.3;35;1.1;77;0
1;1;469.4;35;1.1;77;0
1;1;441.3;35;1.0;77;0
1;1;413.9;35;5.5;77;0
1;1;272.7;35;1.0;77;0
1;1;579.4;35;1.0;77;0
1;1;441.8;35;37.2;77;0
1;1;504.8;35;1.1;77;0
1;1;466.8;35;1.0;77;0
1;1;522.4;35;1.1;77;0
1;1;357.1;35;1.0;77;0
1;1;499.1;35;1.1;77;0
1;1;312.3;35;12.4;77;0
1;1;548.9;35;1.0;77;0
1;1;458.4;35;1.1;77;0
1;1;435.6;35;1.1;77;0
1;1;391.4;35;1.0;77;0
1;1;431.0;35;1.0;77;0
1;1;275.6;35;4.0;77;0
1;1;415.1;35;1.1;77;0
1;1;395.0;35;1.0;77;0
1;1;440.1;35;1.0;77;0
1;1;526.1;35;1.0;77;0
1;1;457.8;35;1.0;77;0
1;1;481.3;35;1.0;77;0
1;1;482.6;35;1.0;77;0
1;1;379.9;35;1.0;77;0
1;1;563.1;35;1.1;77;0
1;1;474.0;35;1.1;77;0
1;1;483.3;35;1.1;77;0
1;1;338.5;35;1.0;77;0
1;1;381.5;35;1.0;77;0
1;1;412.4;35;1.1;77;0
1;1;546.5;35;1.0;77;0
1;1;269.6;35;1.0;77;0
1;1;428.5;35;1.0;77;0
1;1;438.6;35;1.0;77;0
1;1;472.8;35;1.0;77;0
1;1;612.3;35;1.1;77;0
1;1;433.4;35;1.0;77;0
1;1;427.8;35;1.0;77;0
1;1;399.6;35;1.1;77;0
1;1;405.4;35;1.1;77;0
1;1;428.1;35;1.1;77;0
1;1;421.0;35;1.0;77;0
1;1;433.7;35;1.0;77;0
1;1;423.1;35;1.0;77;0
1;1;475.9;35;1.1;77;0
1;1;443.0;35;1.0;77;0
1;1;321.3;35;1.0;77;0
1;1;524.5;35;1.0;77;0
1;1;475.2;35;1.2;77;0
1;1;509.0;35;1.0;77;0
1;1;339.5;35;1.1;77;0
1;1;489.9;35;1.0;77;0
1;1;472.6;35;15.7;77;0
1;1;331.5;35;1.1;77;0
1;1;555.6;35;1.1;77;0
1;1;535.0;35;1.1;77;0
1;1;327.3;35;1.0;77;0
1;1;342.1;35;1.1;77;0
1;1;443.2;35;10.1;77;0
1;1;359.8;35;1.1;77;0
1;1;444.2;35;1.1;77;0
1;1;472.3;35;1.0;77;0
1;1;416.1;35;9.2;77;0
1;1;448.2;35;1.0;77;0
1;1;430.4;35;1.0;77;0
1;1;505.8;35;1.0;77;0
1;1;614.3;35;1.1;77;0
1;1;532.4;35;1.0;77;0
1;1;662.9;35;1.1;77;0
1;1;615.4;35;1.1;77;0
1;1;456.2;35;1.1;77;0
1;1;580.7;35;1.1;77;0
1;1;348.4;35;6.9;77;0
1;1;419.4;35;1.1;77;0
1;1;621.6;35;1.1;77;0
1;1;369.4;35;1.0;77;0
1;1;401.0;35;1.1;77;0
1;1;392.0;35;10.8;77;0
1;1;420.2;35;1.0;77;0
1;1;543.1;35;7.2;77;0
1;1;357.5;35;1.1;77;0
1;1;419.4;35;1.1;77;0
1;1;328.1;35;4.9;77;0
1;1;534.4;35;1.0;77;0
1;1;472.6;35;1.0;77;0
1;1;365.8;35;19.0;77;0
1;1;575.3;35;1.1;77;0
1;1;401.1;35;20.0;77;0
1;1;312.7;35;1.0;77;0
1;1;321.6;35;1.0;77;0
1;1;383.2;35;1.0;77;0
1;1;331.0;35;16.3;77;0
1;1;435.7;35;1.0;77;0
1;1;350.6;35;1.1;77;0
1;1;423.9;35;1.1;77;0
1;1;322.4;35;1.1;77;0
1;1;469.9;35;1.1;77;0
1;1;463.4;35;1.1;77;0
1;1;359.7;35;8.6;77;0
1;1;384.5;35;1.1;77;0
1;1;432.9;35;14.9;77;0
1;1;406.2;35;1.1;77;0
1;1;460.0;35;1.0;77;0
1;1;451.1;35;1.1;77;0
1;1;509.9;35;1.1;77;0
1;1;515.9;35;1.1;77;0
1;1;317.2;35;3.6;77;0
1;1;334.4;35;1.1;77;0
1;1;350.3;35;1.1;77;0
1;1;270.8;35;1.1;77;0
1;1;386.6;35;1.1;77;0
1;1;421.0;35;1.0;77;0
1;1;493.3;35;1.1;77;0
1;1;397.8;35;1.0;77;0
1;1;373.5;35;1.1;77;0
1;1;446.5;35;1.1;77;0
1;1;386.6;35;6.9;77;0
1;1;370.6;35;1.1;77;0
1;1;406.7;35;12.6;77;0
1;1;434.2;35;1.1;77;0
1;1;412.6;35;1.0;77;0
1;1;409.2;35;1.0;77;0
1;1;333.6;35;1.0;77;0
1;1;438.2;35;1.0;77;0
1;1;401.7;35;1.1;77;0
1;1;408.7;35;1.1;77;0
1;1;466.1;35;1.1;77;0
1;1;370.8;35;1.0;77;0
1;1;439.8;35;1.0;77;0
1;1;443.1;35;1.0;77;0
1;1;481.7;35;1.1;77;0
1;1;492.2;35;1.0;77;0
1;1;393.7;35;1.1;77;0
1;1;396.9;35;10.6;77;0
1;1;388.0;35;1.1;77;0
1;1;369.3;35;1.1;77;0
1;1;348.7;35;1.1;77;0
1;1;432.0;35;1.1;77;0
1;1;575.4;35;1.1;77;0
1;1;513.9;35;1.0;77;0
1;1;332.5;35;1.0;77;0
