1;100;529.1;3364;467.7;7336;26211
1;100;670.4;3253;570.1;7114;38613
1;100;648.0;3272;582.1;7152;35102
1;100;820.8;3195;694.6;6998;45458
1;100;626.9;3262;518.8;7132;37322
1;100;623.8;3277;499.0;7162;35927
1;100;689.9;3234;602.0;7076;40165
1;100;662.9;3249;543.2;7106;38414
1;100;764.1;3235;640.7;7078;39681
1;100;650.2;3288;582.8;7184;34654
1;100;619.6;3296;510.0;7200;34456
1;100;562.1;3340;483.9;7288;28659
1;100;629.9;3271;537.6;7150;35795
1;100;609.6;3254;516.5;7116;37251
1;100;714.6;3260;534.2;7128;37309
1;100;615.8;3309;563.1;7226;32908
1;100;587.5;3342;511.6;7292;29522
1;100;639.1;3315;517.8;7238;31369
1;100;746.6;3208;649.4;7024;42016
1;100;595.5;3334;509.7;7276;29335
1;100;651.1;3255;572.6;7118;36618
1;100;582.2;3284;490.2;7176;35861
1;100;642.7;3260;565.8;7128;37140
1;100;697.2;3232;596.8;7072;39185
1;100;523.2;3214;441.0;7036;43983
1;100;583.0;3272;541.4;7152;36408
1;100;474.5;3243;424.5;7094;39940
1;100;613.6;3314;503.8;7236;31628
1;100;401.8;3306;359.7;7220;31843
1;100;712.4;3280;603.1;7168;35314
1;100;616.0;3282;532.8;7172;34318
1;100;464.8;3315;373.5;7238;29894
1;100;317.9;3372;237.4;7352;23997
1;100;654.6;3256;567.6;7120;37045
1;100;404.4;3272;326.3;7152;35226
1;100;646.7;3266;569.2;7140;35849
1;100;687.5;3261;591.8;7130;36906
1;100;715.5;3274;639.4;7156;36507
1;100;574.0;3310;516.9;7228;32253
1;100;373.7;3293;314.6;7194;33229
1;100;674.9;3271;569.3;7150;37592
1;100;585.5;3314;490.8;7236;32414
1;100;586.6;3301;504.7;7210;33579
1;100;437.2;3277;395.4;7162;34732
1;100;466.5;3332;395.0;7272;30093
1;100;605.7;3265;510.0;7138;35883
1;100;473.2;3277;379.0;7162;35978
1;100;636.9;3263;504.3;7134;36128
1;100;632.6;3250;550.0;7108;36547
1;100;695.6;3198;590.0;7004;43433
1;100;638.2;3280;527.6;7168;34969
1;100;726.3;3249;624.0;7106;40158
1;100;789.6;3196;693.8;7000;46930
1;100;697.2;3194;574.3;6996;43589
1;100;626.5;3320;494.9;7248;29138
1;100;728.9;3200;630.3;7008;43929
1;100;600.8;3311;535.2;7230;31674
1;100;438.0;3260;396.4;7128;36949
1;100;572.8;3316;473.1;7240;29619
1;100;537.5;3368;419.3;7344;25714
1;100;662.1;3282;555.2;7172;34052
1;100;525.8;3351;471.8;7310;27328
1;100;576.9;3299;490.4;7206;33174
1;100;667.2;3246;571.0;7100;37781
1;100;555.3;3307;476.2;7222;31100
1;100;550.7;3286;479.3;7180;34343
1;100;618.4;3284;533.5;7176;33394
1;100;714.8;3223;637.8;7054;42013
1;100;769.0;3252;668.6;7112;38797
1;100;897.7;3068;809.9;6744;61909
1;100;697.8;3246;604.7;7100;37528
1;100;544.7;3313;454.4;7234;30049
1;100;733.8;3224;628.2;7056;42113
1;100;719.5;3238;616.3;7084;38547
1;100;769.2;3258;696.2;7124;38567
1;100;741.9;3194;622.9;6996;44014
1;100;716.0;3280;623.2;7168;36117
1;100;710.2;3255;623.2;7118;38771
1;100;582.1;3299;502.9;7206;33347
1;100;720.5;3203;624.1;7014;44855
1;100;812.0;3177;721.7;6962;47153
1;100;603.8;3311;471.1;7230;32197
1;100;629.2;3268;550.1;7144;35962
1;100;696.7;3199;620.7;7006;42767
1;100;665.7;3287;582.8;7182;33937
1;100;711.7;3256;635.1;7120;37751
1;100;655.7;3269;553.7;7146;35284
1;100;703.8;3246;616.9;7100;39679
1;100;682.6;3259;594.9;7126;37918
1;100;793.6;3171;691.5;6950;47600
1;100;652.0;3258;579.3;7124;37810
1;100;634.0;3295;521.1;7198;33195
1;100;688.2;3264;592.7;7136;35654
1;100;657.0;3254;584.3;7116;36892
1;100;616.2;3279;496.5;7166;34247
1;100;708.2;3254;653.7;7116;38792
1;100;703.2;3251;640.3;7110;39299
1;100;775.5;3173;698.0;6954;47334
1;100;663.3;3240;557.1;7088;39344
1;100;668.6;3276;590.1;7160;35428
1;100;658.2;3216;509.6;7040;40813
1;100;603.7;3319;500.6;7246;31429
1;100;616.1;3284;536.5;7176;33824
1;100;742.6;3234;640.5;7076;41186
1;100;700.6;3240;631.0;7088;39624
1;100;625.1;3296;546.1;7200;34719
1;100;646.1;3257;560.7;7122;37417
1;100;741.2;3236;621.9;7080;40996
1;100;694.4;3262;627.6;7132;37066
1;100;661.7;3277;561.7;7162;35702
1;100;664.0;3264;561.4;7136;36589
1;100;674.3;3259;593.5;7126;37398
1;100;606.0;3270;528.2;7148;35794
1;100;574.6;3347;500.3;7302;28237
1;100;561.8;3329;469.1;7266;30425
1;100;632.7;3293;556.6;7194;34280
1;100;510.1;3333;447.2;7274;29272
1;100;744.6;3179;591.7;6966;48059
1;100;719.7;3189;648.2;6986;45393
1;100;624.3;3316;528.9;7240;32190
1;100;603.6;3284;520.7;7176;32437
1;100;574.2;3342;486.6;7292;27754
1;100;633.6;3271;544.1;7150;35671
1;100;697.7;3267;611.6;7142;37371
1;100;655.5;3261;543.3;7130;37619
1;100;588.9;3286;537.5;7180;33483
1;100;681.8;3182;615.4;6972;45252
1;100;620.8;3297;502.6;7202;34373
1;100;610.1;3300;514.2;7208;32944
1;100;587.7;3332;500.9;7272;30295
1;100;776.4;3159;646.2;6926;47944
1;100;816.8;3197;681.2;7002;45499
1;100;587.2;3273;514.7;7154;35503
1;100;686.1;3270;583.1;7148;36280
1;100;623.5;3282;529.9;7172;34737
1;100;571.9;3313;476.1;7234;31121
1;100;776.6;3216;666.0;7040;41920
1;100;648.7;3274;532.9;7156;35760
1;100;712.0;3248;619.5;7104;38098
1;100;625.9;3288;546.4;7184;35282
1;100;578.0;3307;500.6;7222;33011
1;100;614.7;3299;468.0;7206;31280
1;100;638.9;3303;549.2;7214;32779
1;100;526.2;3351;440.1;7310;27961
1;100;648.1;3273;529.2;7154;34589
1;100;567.1;3289;468.6;7186;33154
1;100;646.1;3279;519.2;7166;35964
1;100;628.1;3290;523.9;7188;33233
1;100;639.9;3283;535.8;7174;34726
1;100;657.0;3258;549.3;7124;37876
1;100;666.4;3259;559.7;7126;37174
1;100;773.7;3198;683.1;7004;44870
1;100;834.5;3217;708.0;7042;42367
1;100;636.0;3283;552.1;7174;35170
1;100;1008.3;3044;932.4;6696;66872
1;100;602.4;3324;499.1;7256;31108
1;100;622.7;3294;549.8;7196;32458
1;100;578.6;3331;466.7;7270;28456
1;100;552.3;3314;455.4;7236;30865
1;100;704.7;3193;616.5;6994;45226
1;100;776.0;3252;640.3;7112;38380
1;100;622.6;3296;546.8;7200;33062
1;100;584.2;3320;481.2;7248;29658
1;100;571.6;3307;459.1;7222;31621
1;100;712.8;3213;599.2;7034;42111
1;100;691.7;3267;568.1;7142;36111
1;100;675.6;3278;593.8;7164;35784
1;100;662.6;3250;581.3;7108;38791
1;100;598.8;3264;480.0;7136;38937
1;100;787.0;3204;701.4;7016;44499
1;100;696.1;3226;643.7;7060;40587
1;100;629.1;3292;553.8;7192;33147
1;100;623.7;3316;475.1;7240;30972
1;100;707.3;3252;644.2;7112;38180
1;100;620.4;3246;504.2;7100;39095
1;100;795.3;3162;678.2;6932;48589
1;100;649.2;3296;553.8;7200;33241
1;100;682.1;3233;546.4;7074;39741
1;100;556.4;3324;426.3;7256;29685
1;100;661.9;3279;585.8;7166;34430
1;100;638.4;3316;535.3;7240;31837
1;100;629.3;3267;547.6;7142;36140
1;100;624.1;3225;568.9;7058;40020
1;100;640.5;3273;592.9;7154;35421
1;100;626.9;3324;530.7;7256;31363
1;100;649.1;3275;502.7;7158;34991
1;100;633.4;3259;547.1;7126;36919
1;100;617.6;3170;553.8;6948;47628
1;100;650.4;3238;564.6;7084;38271
1;100;641.0;3287;562.1;7182;34415
1;100;606.0;3297;487.8;7202;32940
1;100;670.3;3286;559.8;7180;33686
1;100;463.2;3328;389.0;7264;29176
1;100;584.7;3302;521.7;7212;32144
1;100;717.6;3217;658.1;7042;41933
1;100;533.6;3323;424.7;7254;30589
1;100;593.2;3300;523.4;7208;31225
1;100;678.0;3300;558.4;7208;33742
1;100;585.6;3313;496.6;7234;31150
1;100;669.4;3257;563.5;7122;37567
1;100;648.2;3239;561.9;7086;38950
1;100;743.9;3213;604.8;7034;43608
1;100;803.8;3216;657.4;7040;42223
1;100;520.0;3321;458.3;7250;29445
1;100;599.6;3289;531.2;7186;33842
1;100;644.4;3223;553.1;7054;41440
1;100;761.2;3178;685.8;6964;45789
1;100;530.0;3312;447.2;7232;30304
1;100;620.8;3273;538.5;7154;34997
1;100;568.6;3306;506.3;7220;31454
1;100;646.3;3293;521.3;7194;34336
1;100;653.0;3183;552.5;6974;44090
1;100;594.0;3308;503.9;7224;32134
1;100;584.8;3294;454.3;7196;32658
1;100;601.1;3271;510.8;7150;35965
1;100;582.4;3317;473.8;7242;29742
1;100;650.4;3276;556.0;7160;35235
1;100;612.2;3255;561.5;7118;36192
1;100;831.9;3068;732.3;6744;59446
1;100;630.0;3265;557.5;7138;37008
1;100;610.7;3327;528.2;7262;29917
1;100;663.0;3272;515.5;7152;35981
1;100;719.7;3291;659.3;7190;32440
1;100;634.3;3238;561.9;7084;38035
1;100;723.8;3243;620.2;7094;39324
1;100;780.0;3187;686.8;6982;46563
1;100;611.8;3229;569.3;7066;39975
1;100;628.3;3266;544.8;7140;36952
1;100;609.0;3274;489.3;7156;36086
1;100;782.9;3230;693.8;7068;40376
1;100;833.7;3141;724.2;6890;50742
1;100;689.3;3225;622.0;7058;40098
1;100;646.1;3208;563.6;7024;43685
1;100;622.1;3300;503.4;7208;31940
1;100;631.6;3252;550.1;7112;40227
1;100;656.3;3293;523.1;7194;33203
1;100;621.4;3230;551.5;7068;39246
1;100;631.2;3291;548.6;7190;33269
1;100;621.7;3293;514.7;7194;33352
1;100;623.9;3242;504.6;7092;37765
1;100;608.9;3307;520.1;7222;30463
1;100;708.9;3260;608.5;7128;38277
1;100;622.3;3324;522.8;7256;30603
1;100;654.4;3277;584.7;7162;35268
1;100;574.7;3284;512.8;7176;34278
1;100;606.8;3321;499.6;7250;32202
1;100;591.2;3280;496.2;7168;34707
1;100;630.5;3231;577.3;7070;39390
1;100;658.8;3247;603.6;7102;37797
1;100;580.6;3357;484.9;7322;27292
1;100;633.1;3243;556.9;7094;38842
1;100;645.1;3269;575.0;7146;35634
1;100;696.3;3242;634.0;7092;38763
1;100;522.6;3372;428.4;7352;24440
1;100;607.9;3263;523.2;7134;36380
1;100;671.5;3235;597.6;7078;40075
1;100;477.8;3274;343.5;7156;35289
1;100;724.8;3151;622.9;6910;49789
1;100;621.4;3249;519.3;7106;38676
1;100;603.4;3246;547.5;7100;38026
1;100;684.4;3239;581.3;7086;38648
1;100;661.9;3221;533.2;7050;41190
1;100;630.0;3276;553.7;7160;35905
1;100;450.8;3253;400.0;7114;38376
1;100;701.5;3250;609.4;7108;38773
1;100;741.4;3210;641.8;7028;44491
1;100;712.7;3248;597.9;7104;37252
1;100;615.4;3292;550.8;7192;33013
1;100;655.3;3265;579.6;7138;36119
1;100;737.5;3217;671.6;7042;41580
1;100;690.5;3257;629.6;7122;39075
1;100;724.6;3258;602.1;7124;39763
1;100;477.9;3388;417.1;7384;23974
1;100;648.9;3285;548.9;7178;33874
1;100;724.5;3178;648.3;6964;45527
1;100;602.6;3263;520.0;7134;36982
1;100;665.2;3278;521.6;7164;35680
1;100;544.4;3316;460.9;7240;31248
1;100;641.0;3287;554.9;7182;34362
1;100;631.9;3283;502.2;7174;35076
1;100;690.0;3239;591.1;7086;39211
1;100;706.9;3239;639.3;7086;40313
1;100;522.5;3312;420.8;7232;30286
1;100;665.2;3253;598.5;7114;38308
1;100;607.0;3311;518.1;7230;31804
1;100;548.7;3308;468.3;7224;31243
1;100;512.0;3346;449.0;7300;27854
1;100;790.6;3118;707.3;6844;53556
1;100;572.1;3290;496.0;7188;34628
1;100;608.7;3314;530.3;7236;32016
1;100;572.0;3321;505.9;7250;29571
1;100;606.0;3242;496.4;7092;38740
1;100;543.2;3322;430.6;7252;31119
1;100;615.8;3291;495.0;7190;33492
1;100;619.4;3285;538.3;7178;33595
1;100;588.1;3319;509.2;7246;29056
1;100;592.4;3297;488.0;7202;32024
1;100;616.4;3297;530.1;7202;33317
1;100;588.2;3267;489.2;7142;36857
1;100;500.9;3342;412.9;7292;28586
1;100;630.0;3252;554.0;7112;39084
1;100;578.0;3286;480.8;7180;33971
1;100;604.4;3330;488.1;7268;29805
1;100;507.1;3333;400.2;7274;28651
1;100;765.9;3198;690.5;7004;43587
1;100;655.9;3216;509.6;7040;41085
1;100;659.4;3267;539.2;7142;35666
1;100;623.2;3299;511.0;7206;34034
1;100;573.8;3327;498.4;7262;30400
1;100;577.9;3293;530.2;7194;35085
1;100;345.8;3351;304.5;7310;28418
1;100;697.1;3206;626.4;7020;42513
1;100;607.1;3350;533.2;7308;28025
1;100;630.2;3244;527.1;7096;38872
1;100;576.7;3296;491.6;7200;32207
1;100;608.7;3292;502.3;7192;32855
1;100;626.7;3221;535.5;7050;41835
1;100;731.2;3222;577.9;7052;43042
1;100;705.9;3280;629.7;7168;36684
1;100;575.3;3305;499.7;7218;31961
1;100;639.7;3224;513.6;7056;41035
1;100;496.3;3393;410.7;7394;22179
1;100;658.4;3243;578.4;7094;38866
1;100;535.9;3319;428.4;7246;30334
1;100;688.3;3232;624.8;7072;40896
1;100;647.1;3290;552.4;7188;33223
1;100;652.1;3311;488.5;7230;32387
1;100;659.9;3293;564.3;7194;34546
1;100;606.7;3295;549.0;7198;32871
1;100;438.1;3269;351.6;7146;36550
1;100;642.8;3227;541.9;7062;40616
1;100;664.4;3198;578.5;7004;43155
1;100;368.5;3305;318.5;7218;31794
1;100;647.7;3292;561.4;7192;33032
1;100;606.8;3261;501.2;7130;37217
1;100;566.3;3322;492.8;7252;29612
1;100;674.2;3239;541.7;7086;39645
1;100;592.1;3301;524.9;7210;32209
1;100;697.9;3266;576.4;7140;36118
1;100;709.8;3300;578.9;7208;32496
1;100;533.9;3303;443.8;7214;31346
1;100;570.8;3302;492.0;7212;33698
1;100;544.0;3267;457.2;7142;36963
1;100;737.1;3245;618.3;7098;39235
1;100;623.9;3300;527.9;7208;33731
1;100;768.0;3146;683.9;6900;52567
1;100;579.4;3346;485.3;7300;27776
1;100;556.2;3307;453.6;7222;32561
1;100;612.8;3287;552.5;7182;34218
1;100;572.1;3311;473.4;7230;32347
1;100;596.7;3233;504.2;7074;38767
1;100;644.7;3238;560.5;7084;38879
1;100;625.0;3261;507.0;7130;35832
1;100;644.7;3291;533.8;7190;34650
1;100;696.3;3211;598.6;7030;40977
1;100;542.0;3374;452.5;7356;24592
1;100;609.6;3274;519.7;7156;35728
1;100;571.3;3303;512.3;7214;33506
1;100;581.2;3313;503.1;7234;30022
1;100;626.7;3331;539.6;7270;31262
1;100;679.5;3213;592.8;7034;41188
1;100;637.2;3323;537.5;7254;30918
1;100;657.7;3227;588.8;7062;40363
1;100;659.5;3285;559.8;7178;33995
1;100;683.8;3271;535.5;7150;36384
1;100;598.8;3322;525.2;7252;30560
1;100;647.5;3288;538.3;7184;33972
1;100;757.5;3236;614.7;7080;41359
1;100;589.0;3273;486.6;7154;35338
1;100;597.9;3322;518.2;7252;30410
1;100;559.4;3283;451.0;7174;33437
1;100;601.1;3255;559.0;7118;36412
1;100;616.5;3236;543.6;7080;39899
1;100;563.7;3314;510.2;7236;31968
1;100;459.5;3387;371.0;7382;23636
1;100;906.3;3081;738.1;6770;58087
1;100;742.0;3206;645.0;7020;43647
1;100;765.7;3192;652.3;6992;46415
1;100;701.8;3247;563.1;7102;39535
1;100;754.7;3172;652.2;6952;47181
1;100;582.9;3281;510.8;7170;34614
1;100;736.6;3143;648.6;6894;49120
1;100;585.1;3269;505.2;7146;35999
1;100;723.2;3255;577.3;7118;38583
1;100;656.2;3281;589.3;7170;36088
1;100;587.3;3318;522.4;7244;31781
1;100;622.9;3291;536.5;7190;33008
1;100;609.9;3295;507.2;7198;32456
1;100;699.7;3220;591.3;7048;41604
1;100;561.1;3327;472.0;7262;28907
1;100;633.3;3277;539.9;7162;35101
1;100;549.4;3351;440.6;7310;27576
1;100;640.5;3256;524.9;7120;38779
1;100;547.1;3284;479.5;7176;33135
1;100;682.3;3267;572.2;7142;37969
1;100;540.9;3342;499.0;7292;28977
1;100;611.3;3350;534.3;7308;29316
1;100;659.0;3277;522.6;7162;35161
1;100;662.6;3205;598.1;7018;42520
1;100;569.8;3324;460.1;7256;29304
1;100;698.2;3255;562.5;7118;37235
1;100;593.6;3265;530.1;7138;36732
1;100;731.2;3229;624.6;7066;41142
1;100;733.3;3240;691.5;7088;40083
1;100;577.1;3298;521.5;7204;31924
1;100;733.1;3247;500.3;7102;37823
1;100;537.5;3318;469.1;7244;30540
1;100;616.7;3315;529.9;7238;31280
1;100;652.1;3313;560.1;7234;32697
1;100;678.6;3259;549.0;7126;37235
1;100;633.8;3296;555.6;7200;34941
1;100;598.4;3254;503.4;7116;38759
1;100;506.3;3362;416.9;7332;25752
1;100;591.5;3327;520.3;7262;29000
1;100;649.6;3287;585.7;7182;36310
1;100;563.5;3307;510.7;7222;32580
1;100;654.5;3234;568.7;7076;37422
1;100;613.0;3293;533.1;7194;33945
1;100;636.3;3267;555.5;7142;36613
1;100;579.3;3329;423.1;7266;29010
1;100;625.7;3290;504.8;7188;34708
1;100;383.8;3316;300.9;7240;30014
1;100;513.4;3336;394.6;7280;28686
1;100;836.8;3116;784.1;6840;54414
1;100;624.4;3294;532.2;7196;33711
1;100;584.7;3267;508.8;7142;35146
1;100;645.4;3314;520.3;7236;31111
1;100;497.3;3354;375.7;7316;27139
1;100;597.8;3288;526.0;7184;33366
1;100;674.0;3195;600.2;6998;44171
1;100;454.7;3307;393.2;7222;31922
1;100;610.0;3281;525.5;7170;35047
1;100;729.4;3194;652.7;6996;44187
1;100;600.1;3294;502.5;7196;34088
1;100;644.2;3240;578.7;7088;38562
1;100;577.9;3274;475.0;7156;35793
1;100;706.5;3176;631.1;6960;44926
1;100;488.0;3224;401.4;7056;42718
1;100;524.0;3319;425.5;7246;30791
1;100;552.2;3322;451.6;7252;31084
1;100;691.5;3266;535.8;7140;36450
1;100;566.7;3298;458.3;7204;34517
1;100;668.5;3312;572.2;7232;32854
1;100;611.2;3328;535.0;7264;30343
1;100;569.0;3298;491.4;7204;31987
1;100;614.2;3260;505.1;7128;36642
1;100;579.5;3315;510.5;7238;30944
1;100;578.9;3364;467.0;7336;25713
1;100;694.4;3241;601.0;7090;39748
1;100;746.8;3215;624.3;7038;41487
1;100;509.9;3380;418.4;7368;23982
1;100;640.4;3244;521.4;7096;38159
1;100;651.0;3297;545.2;7202;33397
1;100;623.1;3329;548.7;7266;29519
1;100;645.6;3272;544.5;7152;35825
1;100;666.6;3247;596.5;7102;38308
1;100;549.0;3307;483.4;7222;31104
1;100;609.4;3278;512.9;7164;34537
1;100;480.9;3369;399.5;7346;25739
1;100;614.6;3274;529.3;7156;34755
1;100;735.1;3233;615.1;7074;40916
1;100;578.6;3296;497.5;7200;33227
1;100;647.8;3291;572.3;7190;34345
1;100;580.3;3333;475.2;7274;29419
1;100;629.4;3295;519.8;7198;32939
1;100;632.8;3308;525.9;7224;31931
1;100;662.5;3327;539.6;7262;29318
1;100;611.0;3274;528.8;7156;34673
1;100;649.5;3270;559.2;7148;35302
1;100;661.7;3281;572.8;7170;35577
1;100;586.8;3262;513.9;7132;34856
1;100;750.7;3221;644.3;7050;40862
1;100;687.8;3261;618.4;7130;38408
1;100;675.7;3262;580.7;7132;36276
1;100;555.1;3364;486.9;7336;26929
1;100;536.8;3321;446.8;7250;30674
1;100;600.2;3319;487.7;7246;31135
1;100;706.3;3230;579.2;7068;40202
1;100;597.0;3306;522.8;7220;31726
1;100;619.4;3247;556.1;7102;39222
1;100;648.9;3252;549.9;7112;38952
1;100;545.3;3347;442.7;7302;26730
1;100;530.7;3384;444.3;7376;24279
1;100;626.2;3282;517.2;7172;35193
1;100;686.7;3232;644.2;7072;40358
1;100;541.4;3324;479.6;7256;30723
1;100;570.8;3323;408.3;7254;30509
1;100;625.1;3286;542.3;7180;33555
1;100;495.2;3354;442.8;7316;26374
1;100;591.1;3280;475.6;7168;35906
1;100;747.9;3236;631.5;7080;39824
1;100;623.7;3292;530.2;7192;33388
1;100;560.8;3311;465.6;7230;30536
1;100;621.5;3284;532.3;7176;34206
1;100;519.5;3323;410.6;7254;30215
1;100;752.6;3187;623.1;6982;45939
1;100;645.0;3308;549.1;7224;32584
1;100;704.6;3238;625.9;7084;38871
1;100;570.7;3350;464.8;7308;27808
1;100;625.6;3299;526.8;7206;32617
1;100;716.7;3218;611.0;7044;43955
1;100;701.1;3208;612.0;7024;43059
1;100;612.9;3296;496.2;7200;32980
1;100;529.2;3306;445.0;7220;31021
1;100;631.3;3304;501.8;7216;31860
1;100;655.6;3323;564.8;7254;30560
1;100;678.2;3211;550.9;7030;43718
1;100;746.0;3157;683.5;6922;49101
1;100;549.3;3315;476.7;7238;31936
1;100;622.7;3307;548.7;7222;32689
1;100;634.1;3286;554.4;7180;34370
1;100;542.8;3334;461.6;7276;29043
1;100;697.0;3264;570.4;7136;36925
1;100;712.4;3196;603.7;7000;44283
1;100;376.8;3313;298.3;7234;32351
1;100;738.5;3231;628.9;7070;39809
1;100;529.6;3308;428.9;7224;30660
1;100;751.2;3211;648.4;7030;42693
1;100;700.0;3155;630.4;6918;48455
1;100;702.6;3271;539.7;7150;36261
1;100;606.9;3301;487.4;7210;31941
1;100;563.4;3348;482.8;7304;28255
1;100;731.6;3221;632.2;7050;41269
1;100;488.1;3340;365.7;7288;26843
1;100;619.3;3264;510.5;7136;35577
1;100;484.0;3398;356.2;7404;23345
1;100;613.4;3275;496.6;7158;33853
1;100;548.2;3330;452.3;7268;29161
1;100;652.5;3253;562.2;7114;38042
1;100;587.5;3279;517.4;7166;34804
1;100;663.2;3258;570.3;7124;37803
1;100;522.8;3329;400.6;7266;29893
1;100;548.0;3310;485.0;7228;31619
1;100;611.4;3308;517.5;7224;31404
1;100;754.3;3162;692.3;6932;48501
1;100;604.7;3299;512.6;7206;32788
1;100;699.7;3235;601.8;7078;40895
1;100;720.5;3231;624.7;7070;40692
1;100;632.8;3284;540.3;7176;34682
1;100;554.1;3303;480.9;7214;31426
1;100;571.7;3339;470.9;7286;29575
1;100;628.3;3271;549.2;7150;34414
1;100;791.0;3169;664.1;6946;47412
1;100;605.4;3269;530.7;7146;35517
1;100;611.9;3273;539.5;7154;35763
1;100;531.7;3372;465.4;7352;24843
1;100;608.6;3279;514.1;7166;36086
1;100;713.5;3177;638.4;6962;46009
1;100;726.7;3252;663.7;7112;37365
1;100;621.8;3296;545.3;7200;33531
1;100;651.9;3276;579.6;7160;35623
1;100;651.1;3257;556.4;7122;37167
1;100;675.2;3267;585.6;7142;37200
1;100;755.1;3216;640.4;7040;42619
1;100;644.7;3281;535.2;7170;35782
1;100;618.7;3276;486.1;7160;34149
1;100;646.0;3282;538.8;7172;34218
1;100;625.5;3278;483.2;7164;35021
1;100;577.9;3294;477.8;7196;32067
1;100;668.9;3283;616.5;7174;33674
1;100;569.7;3326;455.8;7260;30590
1;100;640.0;3288;522.7;7184;33309
1;100;636.5;3213;564.2;7034;41483
1;100;545.1;3296;433.2;7200;33654
1;100;627.4;3257;552.4;7122;37636
1;100;593.8;3263;507.4;7134;36185
1;100;690.3;3207;607.5;7022;42338
1;100;595.1;3335;495.0;7278;29585
1;100;614.3;3291;504.6;7190;33359
1;100;535.7;3309;446.1;7226;30929
1;100;727.0;3242;627.1;7092;39077
1;100;647.6;3299;550.3;7206;32437
1;100;542.9;3304;468.5;7216;32306
1;100;636.4;3267;560.3;7142;33589
1;100;706.6;3243;553.3;7094;39181
1;100;770.9;3228;683.3;7064;41260
1;100;612.7;3296;528.6;7200;33502
1;100;633.3;3292;483.2;7192;34057
1;100;639.0;3286;551.6;7180;34547
1;100;759.8;3196;646.9;7000;44295
1;100;653.8;3234;567.6;7076;39593
1;100;672.4;3259;576.0;7126;38186
1;100;613.1;3255;485.8;7118;37022
1;100;576.3;3312;509.1;7232;31536
1;100;575.7;3326;464.2;7260;30593
1;100;550.8;3305;463.6;7218;32162
1;100;505.5;3322;393.2;7252;28721
1;100;499.8;3342;416.9;7292;26729
1;100;653.9;3216;591.4;7040;42830
1;100;616.0;3275;529.2;7158;35440
1;100;820.9;3143;738.1;6894;51144
1;100;681.9;3254;579.2;7116;38171
1;100;663.4;3255;579.5;7118;37905
1;100;650.6;3260;572.2;7128;37775
1;100;584.3;3351;497.8;7310;27296
1;100;638.0;3263;545.5;7134;36219
1;100;523.8;3339;451.6;7286;29783
1;100;580.8;3302;445.5;7212;32709
1;100;593.0;3320;510.8;7248;29175
1;100;624.7;3326;561.1;7260;30233
1;100;643.2;3321;550.2;7250;31931
1;100;603.5;3314;522.2;7236;31305
1;100;707.1;3227;583.2;7062;40569
1;100;561.1;3340;451.4;7288;28881
1;100;769.3;3228;644.2;7064;40858
1;100;718.4;3274;576.3;7156;34787
1;100;624.9;3304;555.3;7216;31819
1;100;543.3;3324;438.5;7256;30585
1;100;567.4;3315;461.8;7238;30377
1;100;684.0;3202;585.8;7012;45795
1;100;567.5;3311;500.6;7230;32714
1;100;565.6;3333;513.9;7274;29169
1;100;633.7;3293;515.6;7194;33514
1;100;549.0;3336;441.2;7280;27791
1;100;604.9;3322;512.5;7252;30906
1;100;598.5;3288;475.1;7184;34250
1;100;614.5;3331;500.7;7270;30144
1;100;705.3;3242;575.1;7092;39710
1;100;620.1;3275;570.1;7158;35553
1;100;699.2;3257;605.0;7122;37445
1;100;749.2;3205;659.6;7018;44614
1;100;571.2;3365;490.6;7338;26025
1;100;584.8;3275;521.9;7158;35935
1;100;601.3;3313;478.5;7234;31518
1;100;588.3;3291;512.3;7190;34346
1;100;590.1;3323;516.6;7254;29365
1;100;621.6;3279;499.7;7166;35189
1;100;598.5;3307;523.1;7222;32267
1;100;550.9;3333;459.1;7274;29794
1;100;618.8;3252;536.4;7112;37582
1;100;647.3;3306;538.4;7220;33221
1;100;540.7;3333;468.2;7274;29443
1;100;673.3;3263;579.6;7134;36464
1;100;697.7;3297;622.4;7202;33662
1;100;631.8;3281;573.1;7170;34070
1;100;554.0;3313;444.4;7234;31077
1;100;600.4;3273;507.1;7154;34903
1;100;599.5;3288;521.0;7184;33682
1;100;638.3;3237;541.1;7082;39964
1;100;592.0;3265;513.7;7138;36337
1;100;765.1;3181;688.8;6970;46682
1;100;808.7;3179;719.6;6966;46053
1;100;755.8;3202;689.8;7012;44922
1;100;626.7;3282;551.5;7172;34866
1;100;564.0;3283;468.7;7174;34063
1;100;534.9;3343;409.9;7294;28504
1;100;733.1;3156;628.0;6920;49409
1;100;679.7;3277;580.7;7162;36849
1;100;762.8;3126;698.3;6860;52960
1;100;664.9;3215;602.6;7038;41247
1;100;592.9;3281;492.8;7170;35153
1;100;604.5;3309;494.5;7226;30274
1;100;560.1;3325;470.3;7258;29621
1;100;711.1;3245;595.0;7098;38828
1;100;596.6;3323;489.9;7254;28357
1;100;611.9;3277;512.1;7162;34094
1;100;595.8;3310;533.8;7228;31775
1;100;668.6;3268;572.2;7144;36069
1;100;694.6;3285;600.9;7178;33976
1;100;608.3;3255;526.4;7118;37173
1;100;613.9;3314;538.2;7236;30255
1;100;672.6;3266;606.0;7140;36557
1;100;668.5;3264;569.8;7136;36651
1;100;587.5;3312;479.4;7232;29691
1;100;744.8;3210;660.9;7028;44074
1;100;704.0;3263;590.0;7134;37052
1;100;688.5;3256;548.2;7120;38410
1;100;570.0;3284;471.2;7176;33852
1;100;611.9;3211;535.2;7030;43431
1;100;674.6;3244;596.7;7096;39519
1;100;607.5;3344;467.6;7296;28173
1;100;525.5;3342;452.9;7292;26197
1;100;528.2;3345;464.6;7298;28472
1;100;614.2;3257;520.4;7122;36092
1;100;664.9;3267;526.4;7142;35621
1;100;596.6;3276;539.8;7160;35487
1;100;583.6;3287;522.6;7182;34704
1;100;673.1;3238;597.6;7084;39318
1;100;627.9;3309;516.8;7226;33465
1;100;635.7;3289;550.8;7186;34720
1;100;593.2;3276;541.7;7160;34660
1;100;504.7;3356;452.0;7320;27277
1;100;642.3;3254;537.9;7116;38625
1;100;633.3;3246;523.4;7100;39691
1;100;659.0;3276;566.8;7160;33969
1;100;739.8;3183;663.3;6974;44962
1;100;586.9;3314;472.7;7236;30611
1;100;593.9;3328;446.9;7264;30006
1;100;581.0;3280;498.5;7168;34750
1;100;714.8;3218;641.4;7044;41283
1;100;599.3;3261;511.3;7130;36880
1;100;614.0;3312;527.8;7232;32483
1;100;521.5;3344;432.6;7296;28083
1;100;668.8;3301;595.3;7210;31908
1;100;559.3;3347;480.5;7302;27725
1;100;567.7;3313;463.4;7234;32068
1;100;624.5;3271;565.6;7150;34733
1;100;567.4;3291;514.8;7190;33573
1;100;598.4;3288;487.8;7184;34697
1;100;673.5;3267;472.1;7142;35779
1;100;626.2;3265;526.5;7138;35857
1;100;689.2;3244;603.4;7096;39486
1;100;609.3;3305;517.5;7218;33329
1;100;521.3;3317;429.3;7242;29622
1;100;637.7;3303;488.7;7214;33399
1;100;703.5;3222;597.3;7052;41434
1;100;653.0;3307;572.5;7222;32214
1;100;648.7;3273;575.7;7154;35627
1;100;584.0;3265;488.0;7138;36258
1;100;624.1;3267;490.7;7142;35818
1;100;538.7;3306;473.5;7220;30552
1;100;620.2;3331;557.1;7270;30260
1;100;716.8;3217;643.7;7042;41697
1;100;606.0;3317;515.3;7242;32168
1;100;673.6;3225;583.9;7058;39474
1;100;777.7;3216;650.4;7040;42307
1;100;512.1;3356;397.0;7320;26660
1;100;676.7;3252;606.8;7112;38661
1;100;891.3;3171;802.2;6950;49242
1;100;654.4;3254;581.1;7116;37119
1;100;546.5;3317;445.4;7242;31418
1;100;677.4;3213;594.0;7034;44031
1;100;613.9;3248;538.1;7104;38338
1;100;602.1;3272;519.3;7152;34716
1;100;612.8;3277;528.3;7162;35665
1;100;529.1;3379;397.7;7366;23797
1;100;741.0;3183;630.0;6974;46380
1;100;626.4;3266;537.7;7140;36179
1;100;606.4;3314;533.2;7236;32001
1;100;558.7;3308;468.4;7224;32400
1;100;659.4;3248;579.6;7104;37861
1;100;531.7;3336;458.5;7280;29758
1;100;591.2;3303;501.5;7214;33237
1;100;705.6;3258;614.2;7124;37495
1;100;705.0;3263;632.1;7134;36520
1;100;572.5;3337;462.7;7282;28599
1;100;661.9;3232;559.8;7072;40903
1;100;594.0;3289;528.3;7186;34105
1;100;547.9;3312;461.8;7232;31694
1;100;592.3;3284;529.7;7176;34122
1;100;634.2;3277;562.8;7162;35350
1;100;650.3;3292;556.6;7192;33441
1;100;566.5;3313;472.7;7234;32594
1;100;616.4;3263;526.7;7134;37099
1;100;702.7;3259;602.0;7126;37348
1;100;355.1;3331;312.7;7270;29765
1;100;698.1;3189;615.8;6986;45055
1;100;609.2;3253;537.8;7114;37521
1;100;590.2;3264;523.1;7136;36984
1;100;691.9;3226;564.1;7060;41512
1;100;722.9;3194;642.9;6996;45624
1;100;657.1;3253;554.1;7114;36887
1;100;626.2;3263;512.6;7134;36859
1;100;536.1;3345;403.3;7298;28459
1;100;704.3;3274;585.1;7156;35329
1;100;537.8;3360;434.7;7328;25980
1;100;464.3;3304;399.1;7216;31735
1;100;720.6;3240;649.1;7088;41382
1;100;498.8;3377;394.2;7362;23344
1;100;595.3;3308;497.5;7224;33131
1;100;564.5;3314;454.1;7236;31512
1;100;523.5;3334;427.0;7276;29250
1;100;659.9;3261;573.7;7130;35082
1;100;649.2;3310;554.9;7228;31726
1;100;670.4;3249;569.1;7106;38669
1;100;632.7;3268;574.9;7144;36864
1;100;629.7;3268;526.5;7144;34510
1;100;663.3;3257;547.6;7122;36980
1;100;832.1;3140;745.0;6888;51641
1;100;712.7;3229;620.0;7066;39981
1;100;622.8;3321;497.9;7250;31472
1;100;616.1;3264;533.1;7136;35766
1;100;613.3;3283;494.6;7174;34317
1;100;668.2;3259;595.4;7126;36943
1;100;657.2;3265;604.3;7138;36742
1;100;584.4;3273;492.4;7154;33870
1;100;528.4;3327;430.2;7262;29112
1;100;636.1;3296;527.4;7200;33675
1;100;594.8;3284;492.0;7176;34499
1;100;646.8;3227;571.7;7062;41216
1;100;671.9;3247;551.7;7102;39721
1;100;512.2;3338;399.4;7284;27882
1;100;531.1;3334;426.4;7276;28721
1;100;603.0;3329;523.7;7266;28863
1;100;731.2;3254;571.3;7116;37837
1;100;605.2;3296;522.6;7200;32410
1;100;551.9;3297;480.4;7202;32826
1;100;556.6;3302;453.4;7212;32723
1;100;537.2;3299;484.7;7206;32038
1;100;563.9;3349;471.7;7306;27808
1;100;835.5;3153;689.5;6914;50588
1;100;580.8;3272;486.8;7152;34783
1;100;579.4;3337;479.6;7282;29040
1;100;542.9;3315;471.5;7238;30959
1;100;610.2;3276;533.9;7160;35392
1;100;602.4;3307;469.7;7222;32508
1;100;683.6;3280;548.1;7168;34978
1;100;633.2;3304;519.1;7216;32460
1;100;653.4;3252;556.7;7112;38458
1;100;573.2;3354;475.9;7316;27895
1;100;735.5;3222;542.8;7052;41435
1;100;714.5;3231;611.2;7070;39828
1;100;675.9;3282;565.4;7172;34369
1;100;657.9;3253;557.5;7114;37780
1;100;633.3;3297;487.6;7202;34300
1;100;676.6;3238;623.7;7084;40255
1;100;599.9;3342;497.0;7292;29151
1;100;566.6;3354;496.1;7316;26988
1;100;691.6;3245;599.4;7098;39653
1;100;578.5;3314;473.7;7236;31092
1;100;504.1;3340;421.3;7288;28135
1;100;622.3;3278;536.5;7164;34082
1;100;681.4;3224;580.7;7056;41487
1;100;694.6;3252;541.9;7112;37682
1;100;642.4;3254;555.4;7116;37943
1;100;597.0;3302;555.3;7212;31776
1;100;597.7;3312;528.1;7232;31309
1;100;631.4;3220;514.9;7048;41055
1;100;545.7;3329;456.1;7266;29485
1;100;745.6;3183;669.4;6974;46120
1;100;739.2;3205;676.1;7018;42194
1;100;628.6;3306;521.7;7220;32460
1;100;600.0;3297;511.3;7202;32976
1;100;584.8;3285;505.9;7178;33411
1;100;646.2;3223;546.9;7054;40617
1;100;638.5;3251;581.5;7110;38569
1;100;509.5;3337;457.6;7282;28389
1;100;639.0;3291;498.1;7190;33231
1;100;641.5;3278;570.7;7164;34765
1;100;724.2;3271;630.7;7150;37552
1;100;662.8;3235;591.4;7078;39948
1;100;744.9;3238;611.3;7084;39644
1;100;766.0;3205;667.7;7018;43558
1;100;680.0;3253;565.8;7114;36809
1;100;560.2;3299;469.4;7206;31811
1;100;702.4;3249;615.2;7106;38734
1;100;621.3;3300;543.4;7208;32490
1;100;760.6;3165;684.2;6938;47962
1;100;787.4;3173;721.3;6954;46321
1;100;687.2;3263;560.0;7134;36045
1;100;618.0;3276;536.0;7160;35960
1;100;543.2;3314;451.4;7236;30393
1;100;720.9;3230;562.5;7068;40314
1;100;866.4;3123;782.2;6854;54953
1;100;737.7;3182;655.4;6972;46691
1;100;758.9;3195;654.2;6998;46233
1;100;605.4;3269;517.7;7146;36531
1;100;665.5;3256;583.5;7120;38033
1;100;769.8;3171;653.0;6950;46530
1;100;574.9;3306;458.5;7220;32043
1;100;755.0;3229;648.9;7066;41388
1;100;775.1;3192;675.1;6992;45873
1;100;629.2;3281;563.7;7170;34308
1;100;740.2;3241;674.1;7090;40198
1;100;685.3;3301;551.7;7210;33082
1;100;589.0;3249;516.4;7106;37520
1;100;594.5;3327;462.4;7262;30461
1;100;814.0;3093;728.7;6794;57617
1;100;609.9;3303;509.0;7214;33514
1;100;613.2;3277;523.6;7162;34644
1;100;757.7;3129;661.5;6866;53838
1;100;647.8;3227;574.9;7062;41558
1;100;594.6;3323;456.0;7254;29213
1;100;646.8;3261;573.5;7130;35580
1;100;559.3;3341;475.8;7290;28195
1;100;556.6;3357;456.3;7322;27707
1;100;595.6;3241;513.6;7090;37563
1;100;794.4;3177;733.4;6962;50068
1;100;623.3;3289;544.2;7186;33220
1;100;555.5;3342;474.7;7292;27968
1;100;744.5;3232;664.1;7072;40636
1;100;593.7;3286;492.4;7180;34684
1;100;635.2;3325;555.9;7258;31142
1;100;623.1;3289;536.9;7186;33288
1;100;688.5;3235;591.2;7078;39622
1;100;625.7;3274;536.5;7156;36233
1;100;643.9;3293;570.2;7194;32951
1;100;559.6;3278;497.3;7164;34829
1;100;550.9;3334;482.4;7276;28191
1;100;561.5;3291;472.1;7190;33784
1;100;552.8;3299;491.1;7206;31420
1;100;617.2;3308;532.6;7224;31040
1;100;484.0;3372;395.2;7352;24283
1;100;541.6;3314;490.0;7236;30304
1;100;569.0;3287;477.5;7182;33491
1;100;608.3;3246;509.3;7100;39367
1;100;715.6;3228;649.7;7064;40688
1;100;542.3;3333;470.5;7274;29093
1;100;611.8;3256;528.3;7120;36580
1;100;630.2;3274;543.5;7156;34479
1;100;599.4;3303;495.9;7214;33550
1;100;578.1;3292;428.6;7192;32693
1;100;648.7;3216;586.4;7040;41146
1;100;630.3;3246;577.5;7100;37258
1;100;790.1;3201;736.9;7010;43481
1;100;587.5;3334;465.1;7276;29949
1;100;662.9;3253;560.3;7114;39105
1;100;636.3;3290;573.8;7188;33235
1;100;732.0;3247;596.1;7102;38029
1;100;527.3;3324;432.0;7256;30780
1;100;760.2;3172;691.1;6952;47318
1;100;664.7;3252;531.4;7112;37693
1;100;733.9;3221;657.5;7050;41767
1;100;631.9;3274;519.6;7156;35315
1;100;683.3;3226;614.2;7060;40898
1;100;608.9;3242;527.1;7092;38274
1;100;608.4;3299;535.6;7206;33106
1;100;654.9;3260;574.8;7128;37680
1;100;569.0;3308;475.6;7224;32252
1;100;763.8;3146;677.9;6900;48977
1;100;581.3;3358;506.4;7324;26953
1;100;692.9;3248;609.8;7104;38848
1;100;519.4;3332;439.3;7272;29233
1;100;622.1;3254;517.3;7116;38574
1;100;555.8;3336;471.6;7280;29494
1;100;492.4;3355;420.0;7318;27136
1;100;692.7;3277;616.7;7162;36844
1;100;620.3;3318;547.5;7244;30318
1;100;748.9;3167;676.9;6942;47781
1;100;710.5;3209;619.5;7026;43393
1;100;624.6;3296;545.6;7200;32546
1;100;682.7;3266;548.5;7140;36829
1;100;607.4;3271;503.0;7150;36036
1;100;608.3;3321;527.9;7250;30207
1;100;726.0;3146;648.9;6900;50506
1;100;556.1;3321;462.8;7250;30529
1;100;633.1;3257;540.2;7122;37542
1;100;511.4;3337;450.4;7282;29241
1;100;561.4;3343;467.5;7294;27914
1;100;661.5;3272;556.1;7152;36709
1;100;587.2;3275;497.5;7158;35671
1;100;636.6;3246;581.3;7100;38251
1;100;739.1;3194;660.7;6996;45419
1;100;594.5;3245;523.7;7098;38504
1;100;625.0;3287;525.3;7182;33193
1;100;645.5;3262;533.8;7132;36408
1;100;612.5;3252;515.7;7112;39143
1;100;676.6;3266;502.1;7140;36856
1;100;793.8;3118;699.0;6844;53394
1;100;566.6;3317;432.6;7242;29799
1;100;631.8;3279;506.6;7166;34637
1;100;532.8;3324;439.5;7256;30337
1;100;608.4;3294;500.4;7196;32829
1;100;762.2;3196;672.3;7000;45406
1;100;685.1;3251;605.4;7110;38095
1;100;549.0;3292;415.8;7192;32942
1;100;613.3;3319;500.6;7246;32128
1;100;626.3;3253;547.4;7114;37266
1;100;589.4;3244;516.9;7096;36922
1;100;510.7;3353;425.1;7314;26975
1;100;660.2;3279;548.2;7166;34937
1;100;566.4;3281;504.6;7170;34903
1;100;667.8;3250;577.8;7108;38488
1;100;531.6;3309;455.6;7226;31824
1;100;687.6;3245;618.5;7098;38350
1;100;519.0;3313;447.3;7234;30383
1;100;522.1;3364;418.6;7336;26513
1;100;661.4;3281;575.0;7170;34326
1;100;657.3;3267;591.2;7142;36717
1;100;810.5;3135;736.0;6878;52191
1;100;678.6;3223;565.3;7054;39423
1;100;611.1;3265;532.4;7138;37325
1;100;669.8;3283;569.0;7174;36260
1;100;617.2;3320;510.7;7248;30202
1;100;630.7;3335;523.9;7278;29728
1;100;642.3;3275;559.4;7158;34831
1;100;746.3;3157;676.8;6922;48428
1;100;562.0;3369;471.2;7346;25580
1;100;639.3;3295;536.4;7198;34864
1;100;619.7;3286;571.2;7180;33448
1;100;603.5;3328;493.8;7264;29373
1;100;559.3;3335;449.4;7278;28065
1;100;584.4;3268;501.7;7144;36186
1;100;768.3;3239;633.5;7086;40346
1;100;531.0;3314;429.2;7236;30570
1;100;669.8;3234;583.5;7076;39631
1;100;592.0;3288;539.6;7184;34314
1;100;596.4;3288;464.3;7184;35228
1;100;675.9;3255;537.2;7118;39453
1;100;617.7;3248;545.8;7104;38941
1;100;555.3;3283;513.4;7174;34155
1;100;609.5;3309;528.0;7226;31958
1;100;637.9;3311;538.2;7230;32304
1;100;519.9;3330;457.5;7268;29241
1;100;602.9;3316;551.1;7240;30564
1;100;733.7;3213;630.3;7034;42013
1;100;645.5;3228;571.0;7064;41310
1;100;626.0;3279;563.1;7166;35186
1;100;602.5;3312;513.0;7232;31574
1;100;629.1;3269;546.1;7146;35402
1;100;733.7;3268;584.1;7144;35993
1;100;684.8;3263;564.6;7134;36239
1;100;593.7;3319;499.8;7246;30805
1;100;653.7;3256;575.5;7120;37511
1;100;650.4;3270;554.9;7148;37230
1;100;655.2;3194;561.6;6996;42975
1;100;575.1;3291;506.3;7190;33288
1;100;672.1;3247;548.3;7102;38117
1;100;619.2;3297;519.2;7202;32730
1;100;617.9;3288;532.5;7184;34060
