1;50;594.2;1850;401.6;4006;0
1;50;571.6;1850;292.4;4006;0
1;50;552.4;1850;411.8;4006;0
1;50;561.7;1850;399.0;4006;0
1;50;345.7;1850;244.1;4006;0
1;50;493.5;1850;246.7;4006;0
1;50;565.3;1850;351.7;4006;0
1;50;454.5;1850;245.4;4006;0
1;50;586.3;1850;442.0;4006;0
1;50;334.5;1850;231.3;4006;0
1;50;587.0;1850;424.3;4006;0
1;50;570.8;1850;353.6;4006;0
1;50;423.2;1850;256.9;4006;0
1;50;394.4;1850;195.6;4006;0
1;50;191.0;1850;124.2;4006;0
1;50;482.7;1850;332.2;4006;0
1;50;244.3;1850;121.7;4006;0
1;50;700.0;1850;379.5;4006;0
1;50;607.7;1850;285.3;4006;0
1;50;429.2;1850;277.4;4006;0
1;50;751.7;1850;439.9;4006;0
1;50;802.0;1850;508.8;4006;0
1;50;474.7;1850;306.7;4006;0
1;50;395.2;1850;277.3;4006;0
1;50;458.1;1850;281.4;4006;0
1;50;510.6;1850;362.7;4006;0
1;50;564.9;1850;297.5;4006;0
1;50;497.5;1850;322.5;4006;0
1;50;547.5;1850;447.3;4006;0
1;50;410.6;1850;241.8;4006;0
1;50;406.4;1850;234.1;4006;0
1;50;387.7;1850;216.8;4006;0
1;50;655.7;1850;372.0;4006;0
1;50;504.5;1850;260.5;4006;0
1;50;507.0;1850;268.3;4006;0
1;50;554.7;1850;294.0;4006;0
1;50;496.5;1850;303.6;4006;0
1;50;421.9;1850;219.8;4006;0
1;50;569.4;1850;395.6;4006;0
1;50;425.6;1850;210.5;4006;0
1;50;655.2;1850;396.9;4006;0
1;50;619.4;1850;297.3;4006;0
1;50;546.1;1850;285.5;4006;0
1;50;551.1;1850;278.1;4006;0
1;50;166.9;1850;81.3;4006;0
1;50;421.8;1850;266.7;4006;0
1;50;480.4;1850;310.6;4006;0
1;50;520.1;1850;346.4;4006;0
1;50;628.9;1850;419.4;4006;0
1;50;651.7;1850;300.2;4006;0
1;50;653.4;1850;405.7;4006;0
1;50;229.4;1850;75.5;4006;0
1;50;438.0;1850;232.4;4006;0
1;50;525.8;1850;307.3;4006;0
1;50;567.0;1850;366.3;4006;0
1;50;692.3;1850;431.5;4006;0
1;50;573.3;1850;270.3;4006;0
1;50;534.9;1850;294.7;4006;0
1;50;591.5;1850;251.6;4006;0
1;50;169.6;1850;84.7;4006;0
1;50;433.9;1850;158.4;4006;0
1;50;641.0;1850;414.9;4006;0
1;50;575.7;1850;207.2;4006;0
1;50;461.7;1850;335.8;4006;0
1;50;657.5;1850;359.7;4006;0
1;50;444.0;1850;314.0;4006;0
1;50;648.4;1850;387.1;4006;0
1;50;543.3;1850;359.9;4006;0
1;50;621.2;1850;320.8;4006;0
1;50;356.3;1850;239.8;4006;0
1;50;460.7;1850;290.5;4006;0
1;50;424.8;1850;303.6;4006;0
1;50;557.3;1850;331.0;4006;0
1;50;174.5;1850;88.4;4006;0
1;50;538.2;1850;339.6;4006;0
1;50;692.4;1850;491.7;4006;0
1;50;636.5;1850;386.9;4006;0
1;50;425.5;1850;250.8;4006;0
1;50;411.9;1850;203.4;4006;0
1;50;313.7;1850;146.1;4006;0
1;50;534.8;1850;313.0;4006;0
1;50;219.6;1850;131.4;4006;0
1;50;420.2;1850;291.7;4006;0
1;50;409.9;1850;204.0;4006;0
1;50;629.9;1850;336.3;4006;0
1;50;586.4;1850;295.8;4006;0
1;50;415.1;1850;316.8;4006;0
1;50;549.2;1850;262.4;4006;0
1;50;677.3;1850;512.9;4006;0
1;50;475.5;1850;250.0;4006;0
1;50;537.3;1850;335.0;4006;0
1;50;567.5;1850;322.4;4006;0
1;50;308.2;1850;195.5;4006;0
1;50;495.9;1850;283.0;4006;0
1;50;669.2;1850;392.2;4006;0
1;50;445.8;1850;276.8;4006;0
1;50;523.5;1850;267.8;4006;0
1;50;531.5;1850;303.4;4006;0
1;50;495.1;1850;217.2;4006;0
1;50;573.3;1850;263.9;4006;0
1;50;579.8;1850;313.2;4006;0
1;50;440.9;1850;197.8;4006;0
1;50;601.1;1850;328.8;4006;0
1;50;669.2;1850;315.1;4006;0
1;50;492.0;1850;352.1;4006;0
1;50;448.4;1850;291.9;4006;0
1;50;565.3;1850;429.3;4006;0
1;50;558.5;1850;328.2;4006;0
1;50;516.2;1850;232.3;4006;0
1;50;509.4;1850;315.0;4006;0
1;50;451.9;1850;244.1;4006;0
1;50;602.0;1850;314.9;4006;0
1;50;549.1;1850;242.9;4006;0
1;50;539.6;1850;277.0;4006;0
1;50;711.5;1850;351.3;4006;0
1;50;516.5;1850;319.8;4006;0
1;50;544.5;1850;240.9;4006;0
1;50;528.4;1850;369.9;4006;0
1;50;576.2;1850;416.9;4006;0
1;50;332.9;1850;168.6;4006;0
1;50;534.4;1850;311.2;4006;0
1;50;659.1;1850;351.9;4006;0
1;50;594.6;1850;369.5;4006;0
1;50;703.9;1850;488.2;4006;0
1;50;467.7;1850;300.2;4006;0
1;50;376.2;1850;221.1;4006;0
1;50;564.1;1850;309.9;4006;0
1;50;611.4;1850;391.5;4006;0
1;50;295.4;1850;169.1;4006;0
1;50;577.5;1850;333.1;4006;0
1;50;437.6;1850;331.2;4006;0
1;50;392.5;1850;168.7;4006;0
1;50;705.3;1850;397.6;4006;0
1;50;581.4;1850;476.9;4006;0
1;50;575.6;1850;373.1;4006;0
1;50;547.1;1850;306.3;4006;0
1;50;562.1;1850;254.4;4006;0
1;50;269.2;1850;139.1;4006;0
1;50;482.8;1850;236.0;4006;0
1;50;685.2;1850;330.6;4006;0
1;50;517.9;1850;306.2;4006;0
1;50;526.6;1850;347.8;4006;0
1;50;532.2;1850;299.6;4006;0
1;50;649.5;1850;375.7;4006;0
1;50;668.6;1850;360.4;4006;0
1;50;625.6;1850;359.6;4006;0
1;50;617.7;1850;348.2;4006;0
1;50;186.0;1850;92.5;4006;0
1;50;440.0;1850;307.3;4006;0
1;50;670.4;1850;304.2;4006;0
1;50;613.3;1850;349.0;4006;0
1;50;481.2;1850;302.7;4006;0
1;50;544.1;1850;344.1;4006;0
1;50;692.1;1850;443.5;4006;0
1;50;666.6;1850;460.8;4006;0
1;50;686.6;1850;328.0;4006;0
1;50;445.2;1850;295.1;4006;0
1;50;166.7;1850;85.6;4006;0
1;50;431.9;1850;187.4;4006;0
1;50;618.9;1850;330.5;4006;0
1;50;497.5;1850;371.1;4006;0
1;50;488.2;1850;261.1;4006;0
1;50;539.5;1850;324.6;4006;0
1;50;439.9;1850;299.9;4006;0
1;50;672.8;1850;365.5;4006;0
1;50;163.9;1850;61.0;4006;0
1;50;588.2;1850;474.1;4006;0
1;50;443.5;1850;306.6;4006;0
1;50;661.2;1850;444.9;4006;0
1;50;325.8;1850;191.8;4006;0
1;50;605.6;1850;331.6;4006;0
1;50;515.0;1850;339.2;4006;0
1;50;630.4;1850;386.2;4006;0
1;50;473.2;1850;299.5;4006;0
1;50;663.8;1850;289.0;4006;0
1;50;545.2;1850;252.9;4006;0
1;50;197.0;1850;143.9;4006;0
1;50;653.9;1850;397.7;4006;0
1;50;683.6;1850;320.8;4006;0
1;50;592.9;1850;433.3;4006;0
1;50;674.4;1850;457.8;4006;0
1;50;639.0;1850;537.4;4006;0
1;50;405.4;1850;203.7;4006;0
1;50;349.7;1850;237.2;4006;0
1;50;718.1;1850;435.3;4006;0
1;50;509.7;1850;291.0;4006;0
1;50;234.5;1850;80.1;4006;0
1;50;679.8;1850;421.7;4006;0
1;50;304.7;1850;204.5;4006;0
1;50;529.5;1850;387.6;4006;0
1;50;548.5;1850;330.0;4006;0
1;50;488.1;1850;345.0;4006;0
1;50;821.3;1850;474.7;4006;0
1;50;564.5;1850;371.8;4006;0
1;50;498.6;1850;200.4;4006;0
1;50;456.8;1850;272.0;4006;0
1;50;575.2;1850;416.9;4006;0
1;50;517.2;1850;276.2;4006;0
1;50;456.0;1850;235.5;4006;0
1;50;560.0;1850;199.1;4006;0
1;50;560.4;1850;378.0;4006;0
1;50;644.4;1850;420.5;4006;0
1;50;641.6;1850;359.5;4006;0
1;50;594.1;1850;320.6;4006;0
1;50;700.9;1850;468.3;4006;0
1;50;645.9;1850;368.4;4006;0
1;50;517.6;1850;304.3;4006;0
1;50;460.1;1850;189.3;4006;0
1;50;577.5;1850;355.6;4006;0
1;50;409.0;1850;246.0;4006;0
1;50;165.8;1850;91.1;4006;0
1;50;497.3;1850;344.0;4006;0
1;50;504.0;1850;276.8;4006;0
1;50;510.0;1850;222.7;4006;0
1;50;538.9;1850;249.2;4006;0
1;50;526.0;1850;262.6;4006;0
1;50;646.9;1850;231.9;4006;0
1;50;484.1;1850;214.1;4006;0
1;50;678.0;1850;421.9;4006;0
1;50;679.5;1850;409.6;4006;0
1;50;677.3;1850;219.6;4006;0
1;50;298.3;1850;174.2;4006;0
1;50;476.0;1850;311.4;4006;0
1;50;409.3;1850;207.3;4006;0
1;50;456.9;1850;306.0;4006;0
1;50;429.4;1850;325.4;4006;0
1;50;522.0;1850;247.7;4006;0
1;50;603.2;1850;362.8;4006;0
1;50;702.7;1850;312.4;4006;0
1;50;240.6;1850;111.9;4006;0
1;50;488.2;1850;280.8;4006;0
1;50;506.1;1850;228.2;4006;0
1;50;505.9;1850;268.6;4006;0
1;50;651.2;1850;301.6;4006;0
1;50;651.1;1850;410.1;4006;0
1;50;434.1;1850;292.3;4006;0
1;50;572.0;1850;246.1;4006;0
1;50;640.7;1850;314.5;4006;0
1;50;730.8;1850;376.4;4006;0
1;50;635.6;1850;395.8;4006;0
1;50;472.6;1850;280.0;4006;0
1;50;700.5;1850;472.4;4006;0
1;50;444.6;1850;271.1;4006;0
1;50;522.1;1850;356.4;4006;0
1;50;529.6;1850;305.9;4006;0
1;50;571.7;1850;318.2;4006;0
1;50;644.7;1850;317.0;4006;0
1;50;409.4;1850;274.2;4006;0
1;50;513.7;1850;444.0;4006;0
1;50;641.4;1850;302.5;4006;0
1;50;544.5;1850;260.5;4006;0
1;50;305.8;1850;194.5;4006;0
1;50;524.7;1850;320.6;4006;0
1;50;568.0;1850;311.3;4006;0
1;50;287.5;1850;175.1;4006;0
1;50;550.1;1850;316.0;4006;0
1;50;512.3;1850;258.3;4006;0
1;50;660.2;1850;519.0;4006;0
1;50;629.5;1850;509.4;4006;0
1;50;527.2;1850;271.9;4006;0
1;50;507.1;1850;376.9;4006;0
1;50;674.5;1850;477.8;4006;0
1;50;492.0;1850;336.4;4006;0
1;50;632.1;1850;424.8;4006;0
1;50;572.5;1850;321.0;4006;0
1;50;173.6;1850;87.5;4006;0
1;50;274.6;1850;158.0;4006;0
1;50;447.6;1850;291.8;4006;0
1;50;497.4;1850;307.7;4006;0
1;50;676.2;1850;285.1;4006;0
1;50;598.9;1850;446.2;4006;0
1;50;516.3;1850;337.7;4006;0
1;50;604.5;1850;353.7;4006;0
1;50;455.6;1850;187.2;4006;0
1;50;567.9;1850;284.4;4006;0
1;50;640.3;1850;275.4;4006;0
1;50;718.5;1850;266.3;4006;0
1;50;630.0;1850;374.9;4006;0
1;50;578.8;1850;394.2;4006;0
1;50;702.9;1850;353.8;4006;0
1;50;562.7;1850;323.6;4006;0
1;50;645.7;1850;274.5;4006;0
1;50;687.1;1850;367.0;4006;0
1;50;240.0;1850;120.3;4006;0
1;50;521.1;1850;282.9;4006;0
1;50;500.7;1850;307.4;4006;0
1;50;188.4;1850;94.3;4006;0
1;50;167.4;1850;105.6;4006;0
1;50;530.9;1850;276.9;4006;0
1;50;567.3;1850;332.5;4006;0
1;50;341.2;1850;242.4;4006;0
1;50;361.1;1850;295.3;4006;0
1;50;468.6;1850;274.8;4006;0
1;50;615.2;1850;361.4;4006;0
1;50;517.6;1850;345.3;4006;0
1;50;345.7;1850;205.1;4006;0
1;50;764.4;1850;386.3;4006;0
1;50;500.4;1850;351.2;4006;0
1;50;593.5;1850;395.5;4006;0
1;50;154.0;1850;88.5;4006;0
1;50;559.9;1850;354.2;4006;0
1;50;453.6;1850;217.6;4006;0
1;50;539.4;1850;394.2;4006;0
1;50;169.7;1850;98.2;4006;0
1;50;648.6;1850;382.1;4006;0
1;50;694.0;1850;460.6;4006;0
1;50;493.7;1850;297.3;4006;0
1;50;395.1;1850;214.3;4006;0
1;50;519.9;1850;246.1;4006;0
1;50;707.9;1850;474.7;4006;0
1;50;732.5;1850;441.5;4006;0
1;50;365.3;1850;239.7;4006;0
1;50;182.9;1850;67.5;4006;0
1;50;266.5;1850;171.2;4006;0
1;50;486.9;1850;302.4;4006;0
1;50;449.2;1850;309.7;4006;0
1;50;492.0;1850;124.4;4006;0
1;50;347.1;1850;231.8;4006;0
1;50;419.1;1850;315.5;4006;0
1;50;598.8;1850;241.3;4006;0
1;50;417.4;1850;176.0;4006;0
1;50;470.6;1850;312.3;4006;0
1;50;631.4;1850;484.5;4006;0
1;50;536.8;1850;314.9;4006;0
1;50;490.8;1850;277.3;4006;0
1;50;427.2;1850;212.4;4006;0
1;50;631.3;1850;468.7;4006;0
1;50;399.0;1850;270.2;4006;0
1;50;520.0;1850;328.5;4006;0
1;50;555.2;1850;375.3;4006;0
1;50;499.0;1850;332.3;4006;0
1;50;626.4;1850;482.1;4006;0
1;50;622.9;1850;433.9;4006;0
1;50;598.2;1850;382.1;4006;0
1;50;723.0;1850;383.4;4006;0
1;50;521.0;1850;362.8;4006;0
1;50;396.4;1850;223.8;4006;0
1;50;428.7;1850;290.9;4006;0
1;50;811.5;1850;421.7;4006;0
1;50;522.4;1850;257.2;4006;0
1;50;489.1;1850;342.6;4006;0
1;50;593.0;1850;368.1;4006;0
1;50;442.2;1850;308.2;4006;0
1;50;545.5;1850;357.6;4006;0
1;50;449.3;1850;193.6;4006;0
1;50;488.9;1850;307.6;4006;0
1;50;615.0;1850;411.2;4006;0
1;50;576.3;1850;374.7;4006;0
1;50;384.1;1850;266.7;4006;0
1;50;159.8;1850;94.7;4006;0
1;50;456.6;1850;314.8;4006;0
1;50;634.0;1850;318.1;4006;0
1;50;514.3;1850;323.0;4006;0
1;50;527.2;1850;271.7;4006;0
1;50;696.9;1850;515.8;4006;0
1;50;541.5;1850;290.3;4006;0
1;50;585.2;1850;338.6;4006;0
1;50;536.6;1850;334.1;4006;0
1;50;274.9;1850;160.7;4006;0
1;50;533.5;1850;266.8;4006;0
1;50;711.2;1850;405.9;4006;0
1;50;607.3;1850;460.3;4006;0
1;50;533.7;1850;323.3;4006;0
1;50;511.2;1850;150.2;4006;0
1;50;508.7;1850;384.8;4006;0
1;50;244.9;1850;120.5;4006;0
1;50;618.1;1850;376.0;4006;0
1;50;583.6;1850;314.3;4006;0
1;50;602.9;1850;358.7;4006;0
1;50;562.3;1850;269.7;4006;0
1;50;472.5;1850;300.2;4006;0
1;50;535.9;1850;268.6;4006;0
1;50;432.1;1850;209.5;4006;0
1;50;652.8;1850;441.7;4006;0
1;50;261.8;1850;146.5;4006;0
1;50;496.2;1850;273.5;4006;0
1;50;560.6;1850;254.4;4006;0
1;50;640.6;1850;329.2;4006;0
1;50;409.0;1850;141.7;4006;0
1;50;539.1;1850;292.7;4006;0
1;50;386.3;1850;295.5;4006;0
1;50;272.9;1850;174.7;4006;0
1;50;526.4;1850;298.2;4006;0
1;50;449.5;1850;209.6;4006;0
1;50;440.8;1850;220.3;4006;0
1;50;192.7;1850;125.0;4006;0
1;50;595.5;1850;374.7;4006;0
1;50;428.4;1850;216.1;4006;0
1;50;281.1;1850;147.9;4006;0
1;50;587.7;1850;340.5;4006;0
1;50;552.0;1850;334.8;4006;0
1;50;314.1;1850;131.5;4006;0
1;50;437.3;1850;244.1;4006;0
1;50;200.8;1850;71.8;4006;0
1;50;609.3;1850;309.4;4006;0
1;50;689.5;1850;421.2;4006;0
1;50;274.5;1850;159.2;4006;0
1;50;425.1;1850;276.0;4006;0
1;50;638.0;1850;334.9;4006;0
1;50;237.6;1850;99.0;4006;0
1;50;538.0;1850;339.3;4006;0
1;50;466.1;1850;273.6;4006;0
1;50;520.3;1850;214.4;4006;0
1;50;673.4;1850;361.1;4006;0
1;50;607.2;1850;307.6;4006;0
1;50;564.5;1850;289.7;4006;0
1;50;636.2;1850;335.3;4006;0
1;50;552.0;1850;244.5;4006;0
1;50;334.7;1850;218.9;4006;0
1;50;451.4;1850;314.0;4006;0
1;50;554.4;1850;434.3;4006;0
1;50;600.1;1850;341.8;4006;0
1;50;401.3;1850;265.7;4006;0
1;50;802.7;1850;472.8;4006;0
1;50;440.4;1850;209.2;4006;0
1;50;577.9;1850;318.2;4006;0
1;50;425.8;1850;271.9;4006;0
1;50;554.0;1850;186.9;4006;0
1;50;587.8;1850;367.5;4006;0
1;50;575.8;1850;303.6;4006;0
1;50;196.2;1850;130.0;4006;0
1;50;670.6;1850;442.6;4006;0
1;50;605.3;1850;377.2;4006;0
1;50;589.4;1850;437.9;4006;0
1;50;545.4;1850;416.3;4006;0
1;50;614.5;1850;362.0;4006;0
1;50;606.0;1850;330.1;4006;0
1;50;505.4;1850;294.6;4006;0
1;50;470.0;1850;339.5;4006;0
1;50;375.1;1850;284.0;4006;0
1;50;637.5;1850;371.2;4006;0
1;50;529.4;1850;221.1;4006;0
1;50;395.3;1850;262.1;4006;0
1;50;535.0;1850;245.8;4006;0
1;50;481.8;1850;274.1;4006;0
1;50;593.8;1850;333.7;4006;0
1;50;623.5;1850;375.7;4006;0
1;50;535.1;1850;322.8;4006;0
1;50;687.3;1850;460.8;4006;0
1;50;265.8;1850;115.1;4006;0
1;50;543.5;1850;252.7;4006;0
1;50;619.8;1850;355.7;4006;0
1;50;666.2;1850;501.8;4006;0
1;50;777.8;1850;434.2;4006;0
1;50;459.5;1850;248.7;4006;0
1;50;671.2;1850;428.3;4006;0
1;50;427.2;1850;304.9;4006;0
1;50;476.1;1850;180.0;4006;0
1;50;685.5;1850;399.7;4006;0
1;50;431.0;1850;137.4;4006;0
1;50;426.8;1850;269.8;4006;0
1;50;229.4;1850;144.3;4006;0
1;50;574.0;1850;231.8;4006;0
1;50;778.6;1850;507.0;4006;0
1;50;481.6;1850;337.0;4006;0
1;50;661.2;1850;486.3;4006;0
1;50;666.0;1850;363.6;4006;0
1;50;658.3;1850;417.6;4006;0
1;50;508.5;1850;357.6;4006;0
1;50;601.8;1850;402.8;4006;0
1;50;688.0;1850;384.9;4006;0
1;50;289.6;1850;124.5;4006;0
1;50;455.4;1850;219.9;4006;0
1;50;703.8;1850;494.9;4006;0
1;50;623.9;1850;330.9;4006;0
1;50;663.3;1850;404.2;4006;0
1;50;668.3;1850;452.8;4006;0
1;50;559.1;1850;353.9;4006;0
1;50;630.5;1850;336.2;4006;0
1;50;520.8;1850;274.1;4006;0
1;50;472.2;1850;270.6;4006;0
1;50;591.4;1850;409.8;4006;0
1;50;560.7;1850;349.1;4006;0
1;50;170.6;1850;99.6;4006;0
1;50;716.1;1850;325.6;4006;0
1;50;480.9;1850;259.7;4006;0
1;50;460.5;1850;231.5;4006;0
1;50;785.7;1850;484.8;4006;0
1;50;629.3;1850;430.4;4006;0
1;50;279.1;1850;154.9;4006;0
1;50;612.1;1850;458.0;4006;0
1;50;189.9;1850;142.2;4006;0
1;50;439.8;1850;265.5;4006;0
1;50;494.0;1850;304.2;4006;0
1;50;410.8;1850;287.2;4006;0
1;50;185.2;1850;84.6;4006;0
1;50;489.4;1850;347.9;4006;0
1;50;547.5;1850;229.2;4006;0
1;50;695.9;1850;189.0;4006;0
1;50;627.8;1850;416.0;4006;0
1;50;678.1;1850;291.1;4006;0
1;50;441.8;1850;221.7;4006;0
1;50;720.3;1850;401.9;4006;0
1;50;184.1;1850;117.5;4006;0
1;50;475.8;1850;242.9;4006;0
1;50;452.9;1850;223.1;4006;0
1;50;533.4;1850;262.1;4006;0
1;50;577.0;1850;305.2;4006;0
1;50;546.1;1850;350.3;4006;0
1;50;712.8;1850;365.2;4006;0
1;50;733.6;1850;458.4;4006;0
1;50;571.9;1850;315.1;4006;0
1;50;652.0;1850;416.7;4006;0
1;50;469.4;1850;281.7;4006;0
1;50;629.9;1850;404.6;4006;0
1;50;425.6;1850;198.1;4006;0
1;50;536.8;1850;217.5;4006;0
1;50;491.0;1850;213.3;4006;0
1;50;418.8;1850;253.0;4006;0
1;50;442.5;1850;314.4;4006;0
1;50;466.7;1850;276.8;4006;0
1;50;287.1;1850;177.0;4006;0
1;50;706.5;1850;382.1;4006;0
1;50;237.3;1850;119.5;4006;0
1;50;418.2;1850;225.7;4006;0
1;50;547.9;1850;263.8;4006;0
1;50;677.9;1850;432.7;4006;0
1;50;489.0;1850;256.3;4006;0
1;50;430.9;1850;225.1;4006;0
1;50;539.3;1850;323.5;4006;0
1;50;282.6;1850;202.1;4006;0
1;50;645.8;1850;469.5;4006;0
1;50;497.7;1850;365.8;4006;0
1;50;542.7;1850;358.8;4006;0
1;50;630.7;1850;329.8;4006;0
1;50;652.3;1850;315.0;4006;0
1;50;545.8;1850;307.9;4006;0
1;50;227.4;1850;105.7;4006;0
1;50;647.8;1850;300.0;4006;0
1;50;410.6;1850;256.1;4006;0
1;50;232.5;1850;124.5;4006;0
1;50;170.7;1850;107.6;4006;0
1;50;324.7;1850;224.9;4006;0
1;50;738.9;1850;343.1;4006;0
1;50;566.8;1850;354.9;4006;0
1;50;635.2;1850;237.9;4006;0
1;50;537.9;1850;349.7;4006;0
1;50;769.3;1850;470.0;4006;0
1;50;585.7;1850;367.1;4006;0
1;50;544.9;1850;256.6;4006;0
1;50;646.1;1850;316.9;4006;0
1;50;829.0;1850;431.0;4006;0
1;50;161.9;1850;100.6;4006;0
1;50;611.1;1850;333.9;4006;0
1;50;637.4;1850;315.6;4006;0
1;50;687.5;1850;313.6;4006;0
1;50;560.1;1850;408.9;4006;0
1;50;511.9;1850;258.7;4006;0
1;50;256.7;1850;186.4;4006;0
1;50;356.4;1850;244.3;4006;0
1;50;240.0;1850;153.0;4006;0
1;50;325.9;1850;215.2;4006;0
1;50;651.6;1850;344.0;4006;0
1;50;396.6;1850;163.0;4006;0
1;50;180.3;1850;92.1;4006;0
1;50;618.4;1850;329.6;4006;0
1;50;537.9;1850;304.4;4006;0
1;50;435.8;1850;252.5;4006;0
1;50;642.7;1850;454.8;4006;0
1;50;425.4;1850;289.4;4006;0
1;50;567.8;1850;296.0;4006;0
1;50;675.4;1850;513.1;4006;0
1;50;368.3;1850;125.7;4006;0
1;50;741.0;1850;374.7;4006;0
1;50;625.5;1850;421.7;4006;0
1;50;166.7;1850;75.1;4006;0
1;50;504.8;1850;212.0;4006;0
1;50;526.6;1850;244.3;4006;0
1;50;526.9;1850;288.1;4006;0
1;50;704.7;1850;433.6;4006;0
1;50;440.9;1850;277.4;4006;0
1;50;595.4;1850;394.9;4006;0
1;50;584.9;1850;299.1;4006;0
1;50;494.1;1850;223.0;4006;0
1;50;449.7;1850;308.1;4006;0
1;50;525.7;1850;313.4;4006;0
1;50;531.8;1850;250.1;4006;0
1;50;675.1;1850;301.0;4006;0
1;50;382.7;1850;208.9;4006;0
1;50;293.0;1850;161.2;4006;0
1;50;518.5;1850;326.7;4006;0
1;50;511.7;1850;270.4;4006;0
1;50;305.7;1850;205.3;4006;0
1;50;285.4;1850;162.4;4006;0
1;50;354.9;1850;154.4;4006;0
1;50;520.5;1850;338.6;4006;0
1;50;488.2;1850;349.5;4006;0
1;50;451.8;1850;246.2;4006;0
1;50;675.8;1850;420.1;4006;0
1;50;557.7;1850;249.5;4006;0
1;50;542.5;1850;379.1;4006;0
1;50;388.6;1850;197.4;4006;0
1;50;568.2;1850;375.5;4006;0
1;50;461.0;1850;304.5;4006;0
1;50;404.9;1850;252.3;4006;0
1;50;436.7;1850;256.6;4006;0
1;50;363.7;1850;239.7;4006;0
1;50;640.0;1850;400.3;4006;0
1;50;494.3;1850;287.0;4006;0
1;50;283.9;1850;193.2;4006;0
1;50;637.0;1850;410.5;4006;0
1;50;455.5;1850;195.9;4006;0
1;50;554.6;1850;300.3;4006;0
1;50;612.6;1850;352.8;4006;0
1;50;526.9;1850;234.1;4006;0
1;50;685.6;1850;449.2;4006;0
1;50;594.4;1850;372.6;4006;0
1;50;450.9;1850;179.7;4006;0
1;50;528.5;1850;347.1;4006;0
1;50;414.1;1850;327.0;4006;0
1;50;605.9;1850;297.6;4006;0
1;50;518.4;1850;283.9;4006;0
1;50;494.5;1850;255.9;4006;0
1;50;533.6;1850;226.2;4006;0
1;50;537.5;1850;371.3;4006;0
1;50;571.9;1850;287.0;4006;0
1;50;539.4;1850;303.4;4006;0
1;50;206.3;1850;110.5;4006;0
1;50;463.7;1850;210.4;4006;0
1;50;529.2;1850;316.2;4006;0
1;50;493.6;1850;314.6;4006;0
1;50;590.4;1850;243.9;4006;0
1;50;465.1;1850;210.3;4006;0
1;50;488.9;1850;350.4;4006;0
1;50;356.8;1850;243.9;4006;0
1;50;498.4;1850;345.6;4006;0
1;50;458.6;1850;253.8;4006;0
1;50;537.0;1850;267.0;4006;0
1;50;588.8;1850;328.8;4006;0
1;50;489.4;1850;273.7;4006;0
1;50;282.7;1850;192.6;4006;0
1;50;606.8;1850;354.3;4006;0
1;50;607.9;1850;355.1;4006;0
1;50;545.9;1850;311.8;4006;0
1;50;543.7;1850;366.6;4006;0
1;50;491.5;1850;271.7;4006;0
1;50;369.1;1850;152.0;4006;0
1;50;593.0;1850;423.7;4006;0
1;50;525.6;1850;274.0;4006;0
1;50;394.3;1850;252.8;4006;0
1;50;649.5;1850;256.2;4006;0
1;50;654.3;1850;403.1;4006;0
1;50;167.5;1850;74.8;4006;0
1;50;536.8;1850;300.8;4006;0
1;50;621.8;1850;341.3;4006;0
1;50;503.8;1850;296.9;4006;0
1;50;686.8;1850;349.2;4006;0
1;50;462.1;1850;236.3;4006;0
1;50;180.0;1850;119.1;4006;0
1;50;630.2;1850;428.2;4006;0
1;50;648.6;1850;385.3;4006;0
1;50;183.4;1850;108.8;4006;0
1;50;652.2;1850;327.8;4006;0
1;50;488.1;1850;272.5;4006;0
1;50;225.5;1850;125.8;4006;0
1;50;593.7;1850;345.2;4006;0
1;50;705.5;1850;471.8;4006;0
1;50;519.0;1850;309.0;4006;0
1;50;644.0;1850;206.9;4006;0
1;50;636.4;1850;407.9;4006;0
1;50;206.8;1850;137.1;4006;0
1;50;555.1;1850;406.4;4006;0
1;50;587.6;1850;297.5;4006;0
1;50;168.0;1850;121.0;4006;0
1;50;575.0;1850;297.4;4006;0
1;50;475.8;1850;330.9;4006;0
1;50;200.0;1850;118.7;4006;0
1;50;417.2;1850;168.2;4006;0
1;50;519.6;1850;360.7;4006;0
1;50;636.7;1850;361.2;4006;0
1;50;638.2;1850;271.0;4006;0
1;50;545.1;1850;302.6;4006;0
1;50;229.1;1850;148.1;4006;0
1;50;502.9;1850;235.0;4006;0
1;50;299.6;1850;157.6;4006;0
1;50;589.0;1850;450.2;4006;0
1;50;457.3;1850;286.9;4006;0
1;50;446.7;1850;230.1;4006;0
1;50;174.3;1850;112.3;4006;0
1;50;676.0;1850;473.3;4006;0
1;50;566.3;1850;230.3;4006;0
1;50;344.7;1850;250.0;4006;0
1;50;388.1;1850;163.2;4006;0
1;50;513.1;1850;274.6;4006;0
1;50;174.7;1850;91.5;4006;0
1;50;748.8;1850;520.8;4006;0
1;50;584.2;1850;367.8;4006;0
1;50;314.2;1850;178.8;4006;0
1;50;495.2;1850;350.7;4006;0
1;50;539.6;1850;259.2;4006;0
1;50;555.9;1850;298.3;4006;0
1;50;518.7;1850;357.0;4006;0
1;50;629.3;1850;402.3;4006;0
1;50;476.9;1850;202.7;4006;0
1;50;658.2;1850;356.8;4006;0
1;50;506.5;1850;240.1;4006;0
1;50;473.8;1850;322.7;4006;0
1;50;729.8;1850;419.7;4006;0
1;50;502.4;1850;318.1;4006;0
1;50;440.3;1850;175.9;4006;0
1;50;514.0;1850;215.0;4006;0
1;50;386.9;1850;155.7;4006;0
1;50;303.5;1850;142.8;4006;0
1;50;627.6;1850;470.2;4006;0
1;50;699.4;1850;411.8;4006;0
1;50;551.0;1850;222.1;4006;0
1;50;562.1;1850;183.8;4006;0
1;50;449.6;1850;175.3;4006;0
1;50;304.9;1850;211.0;4006;0
1;50;517.9;1850;419.0;4006;0
1;50;587.2;1850;345.6;4006;0
1;50;198.5;1850;95.5;4006;0
1;50;564.7;1850;239.0;4006;0
1;50;500.8;1850;276.7;4006;0
1;50;473.0;1850;270.9;4006;0
1;50;451.6;1850;318.1;4006;0
1;50;641.3;1850;350.4;4006;0
1;50;561.6;1850;401.7;4006;0
1;50;665.1;1850;427.5;4006;0
1;50;509.1;1850;332.5;4006;0
1;50;473.3;1850;196.3;4006;0
1;50;628.8;1850;368.0;4006;0
1;50;480.3;1850;350.3;4006;0
1;50;570.3;1850;367.8;4006;0
1;50;717.3;1850;405.4;4006;0
1;50;680.7;1850;418.9;4006;0
1;50;245.5;1850;138.8;4006;0
1;50;545.6;1850;289.4;4006;0
1;50;605.1;1850;391.0;4006;0
1;50;594.5;1850;391.0;4006;0
1;50;592.0;1850;362.0;4006;0
1;50;652.7;1850;362.5;4006;0
1;50;635.7;1850;345.4;4006;0
1;50;517.7;1850;255.6;4006;0
1;50;585.2;1850;267.4;4006;0
1;50;585.7;1850;485.6;4006;0
1;50;539.0;1850;337.5;4006;0
1;50;472.9;1850;287.6;4006;0
1;50;169.4;1850;91.8;4006;0
1;50;458.7;1850;199.4;4006;0
1;50;680.3;1850;405.7;4006;0
1;50;434.4;1850;292.1;4006;0
1;50;614.9;1850;458.9;4006;0
1;50;586.6;1850;234.8;4006;0
1;50;416.3;1850;291.9;4006;0
1;50;646.8;1850;414.6;4006;0
1;50;575.3;1850;299.5;4006;0
1;50;599.8;1850;343.2;4006;0
1;50;365.9;1850;198.6;4006;0
1;50;634.0;1850;346.9;4006;0
1;50;361.2;1850;186.9;4006;0
1;50;582.4;1850;314.0;4006;0
1;50;359.2;1850;184.7;4006;0
1;50;243.8;1850;154.4;4006;0
1;50;461.3;1850;373.2;4006;0
1;50;538.2;1850;327.2;4006;0
1;50;652.7;1850;398.4;4006;0
1;50;796.4;1850;498.2;4006;0
1;50;281.7;1850;99.2;4006;0
1;50;489.3;1850;262.5;4006;0
1;50;447.8;1850;245.3;4006;0
1;50;551.9;1850;272.0;4006;0
1;50;589.1;1850;344.1;4006;0
1;50;672.5;1850;385.3;4006;0
1;50;589.3;1850;278.8;4006;0
1;50;504.1;1850;157.9;4006;0
1;50;683.5;1850;340.1;4006;0
1;50;510.6;1850;267.5;4006;0
1;50;645.2;1850;473.6;4006;0
1;50;573.7;1850;331.1;4006;0
1;50;527.7;1850;347.6;4006;0
1;50;438.3;1850;244.9;4006;0
1;50;501.0;1850;156.1;4006;0
1;50;622.1;1850;333.0;4006;0
1;50;418.6;1850;171.2;4006;0
1;50;525.8;1850;321.8;4006;0
1;50;408.0;1850;202.5;4006;0
1;50;706.8;1850;408.0;4006;0
1;50;588.2;1850;219.0;4006;0
1;50;170.9;1850;83.8;4006;0
1;50;528.8;1850;192.1;4006;0
1;50;557.2;1850;271.4;4006;0
1;50;227.8;1850;118.7;4006;0
1;50;558.5;1850;299.2;4006;0
1;50;521.9;1850;294.0;4006;0
1;50;461.0;1850;247.2;4006;0
1;50;169.5;1850;121.3;4006;0
1;50;534.8;1850;341.9;4006;0
1;50;686.8;1850;488.8;4006;0
1;50;285.9;1850;138.7;4006;0
1;50;496.2;1850;215.4;4006;0
1;50;695.5;1850;514.6;4006;0
1;50;278.8;1850;206.1;4006;0
1;50;202.0;1850;123.2;4006;0
1;50;697.1;1850;393.4;4006;0
1;50;512.6;1850;395.8;4006;0
1;50;634.1;1850;306.7;4006;0
1;50;411.2;1850;196.6;4006;0
1;50;166.3;1850;118.7;4006;0
1;50;491.9;1850;349.4;4006;0
1;50;202.4;1850;141.2;4006;0
1;50;471.2;1850;146.8;4006;0
1;50;509.2;1850;247.4;4006;0
1;50;213.7;1850;135.9;4006;0
1;50;392.9;1850;191.2;4006;0
1;50;466.4;1850;257.7;4006;0
1;50;555.1;1850;322.0;4006;0
1;50;617.8;1850;291.7;4006;0
1;50;285.7;1850;174.7;4006;0
1;50;385.4;1850;233.7;4006;0
1;50;511.4;1850;276.6;4006;0
1;50;453.6;1850;293.5;4006;0
1;50;158.1;1850;112.9;4006;0
1;50;587.2;1850;268.3;4006;0
1;50;636.9;1850;319.8;4006;0
1;50;542.1;1850;245.3;4006;0
1;50;560.9;1850;315.4;4006;0
1;50;588.1;1850;274.8;4006;0
1;50;540.1;1850;295.6;4006;0
1;50;455.1;1850;243.9;4006;0
1;50;466.3;1850;223.2;4006;0
1;50;645.1;1850;221.5;4006;0
1;50;577.9;1850;273.5;4006;0
1;50;499.7;1850;345.7;4006;0
1;50;752.2;1850;499.1;4006;0
1;50;409.3;1850;303.9;4006;0
1;50;719.2;1850;560.9;4006;0
1;50;174.4;1850;93.8;4006;0
1;50;624.5;1850;436.4;4006;0
1;50;355.2;1850;187.3;4006;0
1;50;582.1;1850;356.1;4006;0
1;50;716.5;1850;470.6;4006;0
1;50;657.8;1850;286.7;4006;0
1;50;531.9;1850;275.9;4006;0
1;50;564.5;1850;342.4;4006;0
1;50;386.5;1850;215.3;4006;0
1;50;163.8;1850;115.3;4006;0
1;50;380.3;1850;312.6;4006;0
1;50;552.6;1850;352.8;4006;0
1;50;659.0;1850;241.5;4006;0
1;50;479.6;1850;288.0;4006;0
1;50;398.1;1850;280.9;4006;0
1;50;572.8;1850;316.7;4006;0
1;50;571.9;1850;245.2;4006;0
1;50;564.7;1850;268.8;4006;0
1;50;505.4;1850;359.4;4006;0
1;50;657.1;1850;427.4;4006;0
1;50;674.3;1850;360.3;4006;0
1;50;556.8;1850;294.1;4006;0
1;50;581.0;1850;279.7;4006;0
1;50;515.6;1850;234.3;4006;0
1;50;537.8;1850;305.4;4006;0
1;50;622.8;1850;237.1;4006;0
1;50;393.2;1850;223.8;4006;0
1;50;357.9;1850;190.1;4006;0
1;50;460.3;1850;357.5;4006;0
1;50;657.4;1850;392.6;4006;0
1;50;575.1;1850;365.4;4006;0
1;50;549.4;1850;313.2;4006;0
1;50;444.1;1850;298.2;4006;0
1;50;714.6;1850;346.8;4006;0
1;50;567.2;1850;279.2;4006;0
1;50;462.5;1850;277.2;4006;0
1;50;558.2;1850;224.2;4006;0
1;50;169.6;1850;101.7;4006;0
1;50;387.8;1850;190.6;4006;0
1;50;603.9;1850;366.4;4006;0
1;50;298.0;1850;186.4;4006;0
1;50;654.0;1850;343.1;4006;0
1;50;528.6;1850;384.1;4006;0
1;50;608.6;1850;429.6;4006;0
1;50;450.8;1850;257.5;4006;0
1;50;688.7;1850;350.9;4006;0
1;50;564.6;1850;303.0;4006;0
1;50;372.7;1850;148.9;4006;0
1;50;337.6;1850;160.0;4006;0
1;50;438.6;1850;249.1;4006;0
1;50;171.7;1850;115.8;4006;0
1;50;405.5;1850;236.2;4006;0
1;50;468.5;1850;275.9;4006;0
1;50;596.7;1850;379.9;4006;0
1;50;797.8;1850;420.0;4006;0
1;50;549.3;1850;355.4;4006;0
1;50;672.6;1850;462.7;4006;0
1;50;522.7;1850;372.2;4006;0
1;50;464.6;1850;311.8;4006;0
1;50;581.4;1850;400.0;4006;0
1;50;405.5;1850;314.6;4006;0
1;50;680.5;1850;441.0;4006;0
1;50;674.2;1850;379.3;4006;0
1;50;558.1;1850;352.2;4006;0
1;50;446.4;1850;294.1;4006;0
1;50;445.6;1850;336.8;4006;0
1;50;645.5;1850;404.8;4006;0
1;50;793.9;1850;417.9;4006;0
1;50;372.4;1850;258.8;4006;0
1;50;606.8;1850;453.1;4006;0
1;50;468.2;1850;324.4;4006;0
1;50;552.4;1850;282.5;4006;0
1;50;505.4;1850;283.1;4006;0
1;50;578.2;1850;277.0;4006;0
1;50;311.0;1850;132.2;4006;0
1;50;536.5;1850;341.7;4006;0
1;50;493.0;1850;326.6;4006;0
1;50;609.1;1850;342.6;4006;0
1;50;667.8;1850;329.4;4006;0
1;50;573.6;1850;295.4;4006;0
1;50;387.9;1850;286.5;4006;0
1;50;404.1;1850;204.4;4006;0
1;50;572.9;1850;241.6;4006;0
1;50;540.4;1850;359.9;4006;0
1;50;404.4;1850;190.8;4006;0
1;50;579.0;1850;254.0;4006;0
1;50;616.5;1850;341.0;4006;0
1;50;554.5;1850;274.2;4006;0
1;50;699.9;1850;494.7;4006;0
1;50;215.8;1850;136.1;4006;0
1;50;499.9;1850;274.2;4006;0
1;50;451.5;1850;270.8;4006;0
1;50;565.6;1850;362.3;4006;0
1;50;550.2;1850;428.9;4006;0
1;50;697.7;1850;352.8;4006;0
1;50;345.4;1850;224.7;4006;0
1;50;601.3;1850;349.0;4006;0
1;50;415.1;1850;226.1;4006;0
1;50;678.6;1850;376.1;4006;0
1;50;474.9;1850;269.5;4006;0
1;50;657.4;1850;366.5;4006;0
1;50;495.9;1850;200.5;4006;0
1;50;597.1;1850;244.4;4006;0
1;50;573.1;1850;231.8;4006;0
1;50;422.1;1850;294.6;4006;0
1;50;437.2;1850;246.8;4006;0
1;50;647.1;1850;278.3;4006;0
1;50;486.1;1850;314.4;4006;0
1;50;551.0;1850;388.8;4006;0
1;50;496.2;1850;291.3;4006;0
1;50;574.0;1850;292.2;4006;0
1;50;677.4;1850;488.4;4006;0
1;50;609.3;1850;388.1;4006;0
1;50;582.7;1850;433.8;4006;0
1;50;495.5;1850;303.4;4006;0
1;50;422.8;1850;213.5;4006;0
1;50;491.3;1850;281.3;4006;0
1;50;414.9;1850;260.5;4006;0
1;50;668.8;1850;411.7;4006;0
1;50;668.4;1850;443.5;4006;0
1;50;509.1;1850;320.5;4006;0
1;50;525.4;1850;263.2;4006;0
1;50;666.9;1850;299.4;4006;0
1;50;437.9;1850;276.4;4006;0
1;50;598.8;1850;405.6;4006;0
1;50;169.8;1850;88.3;4006;0
1;50;501.8;1850;249.3;4006;0
1;50;360.6;1850;279.8;4006;0
1;50;605.5;1850;350.0;4006;0
1;50;500.5;1850;296.6;4006;0
1;50;382.1;1850;192.5;4006;0
1;50;442.5;1850;228.6;4006;0
1;50;446.1;1850;243.5;4006;0
1;50;514.5;1850;220.4;4006;0
1;50;550.3;1850;235.7;4006;0
1;50;390.4;1850;245.1;4006;0
1;50;479.1;1850;247.8;4006;0
1;50;455.0;1850;323.1;4006;0
1;50;619.6;1850;242.6;4006;0
1;50;517.6;1850;231.7;4006;0
1;50;168.1;1850;97.3;4006;0
1;50;478.3;1850;283.3;4006;0
1;50;597.5;1850;374.1;4006;0
1;50;371.7;1850;234.9;4006;0
1;50;390.8;1850;158.9;4006;0
1;50;561.9;1850;366.4;4006;0
1;50;570.0;1850;421.3;4006;0
1;50;438.9;1850;279.8;4006;0
1;50;298.4;1850;185.5;4006;0
1;50;440.3;1850;209.9;4006;0
1;50;502.2;1850;296.2;4006;0
1;50;683.5;1850;469.6;4006;0
1;50;544.7;1850;290.1;4006;0
1;50;554.9;1850;282.7;4006;0
1;50;582.1;1850;343.7;4006;0
1;50;635.8;1850;400.6;4006;0
1;50;563.8;1850;349.5;4006;0
1;50;503.4;1850;316.0;4006;0
1;50;442.9;1850;307.6;4006;0
1;50;474.6;1850;258.7;4006;0
1;50;295.4;1850;155.3;4006;0
1;50;515.2;1850;292.0;4006;0
1;50;478.3;1850;223.9;4006;0
1;50;435.8;1850;220.6;4006;0
1;50;483.9;1850;219.4;4006;0
1;50;377.4;1850;232.5;4006;0
1;50;458.1;1850;284.5;4006;0
1;50;583.5;1850;306.0;4006;0
1;50;512.4;1850;359.4;4006;0
1;50;675.6;1850;472.0;4006;0
1;50;663.4;1850;369.1;4006;0
1;50;504.9;1850;356.2;4006;0
1;50;590.6;1850;342.9;4006;0
