1;32;227.0;672;118.1;1443;0
1;34;220.3;714;94.2;1533;0
1;32;290.5;672;136.3;1443;0
1;33;279.8;693;112.5;1488;0
1;36;322.1;756;80.3;1623;0
1;31;243.0;651;55.2;1398;0
1;33;257.5;693;97.3;1488;0
1;34;330.7;714;206.7;1533;0
1;32;98.8;672;47.9;1443;0
1;35;204.4;735;82.6;1578;0
1;35;172.7;735;117.2;1578;0
1;31;219.6;651;149.4;1398;0
1;35;415.2;735;179.2;1578;0
1;37;221.3;777;176.0;1668;0
1;34;334.8;714;235.4;1533;0
1;35;236.1;735;84.8;1578;0
1;33;362.4;693;174.0;1488;0
1;33;307.3;693;206.0;1488;0
1;36;313.5;756;171.7;1623;0
1;34;237.4;714;40.8;1533;0
1;34;202.7;714;135.2;1533;0
1;32;413.9;672;189.1;1443;0
1;28;162.0;588;104.0;1263;0
1;33;390.8;693;110.1;1488;0
1;34;222.9;714;147.7;1533;0
1;32;345.0;672;215.9;1443;0
1;34;307.0;714;120.2;1533;0
1;35;338.0;735;172.3;1578;0
1;34;323.5;714;172.6;1533;0
1;32;219.3;672;107.1;1443;0
1;33;302.7;693;120.9;1488;0
1;35;292.0;735;100.8;1578;0
1;32;213.8;672;112.2;1443;0
1;35;231.6;735;135.9;1578;0
1;33;265.1;693;109.8;1488;0
1;31;273.2;651;204.0;1398;0
1;34;275.7;714;168.7;1533;0
1;34;214.1;714;137.8;1533;0
1;37;258.3;777;182.1;1668;0
1;34;432.7;714;145.9;1533;0
1;30;261.3;630;176.6;1353;0
1;31;158.1;651;33.3;1398;0
1;34;218.7;714;118.3;1533;0
1;36;367.0;756;270.0;1623;0
1;31;234.2;651;155.2;1398;0
1;33;132.0;693;29.8;1488;0
1;32;288.7;672;156.7;1443;0
1;31;293.2;651;220.9;1398;0
1;33;387.1;693;144.4;1488;0
1;33;344.7;693;136.1;1488;0
1;32;259.7;672;154.1;1443;0
1;33;164.9;693;75.9;1488;0
1;34;471.3;714;229.9;1533;0
1;33;284.9;693;113.7;1488;0
1;35;360.7;735;132.5;1578;0
1;32;255.3;672;144.8;1443;0
1;33;305.6;693;131.4;1488;0
1;36;279.0;756;197.3;1623;0
1;29;240.0;609;83.0;1308;0
1;34;233.6;714;60.8;1533;0
1;32;284.2;672;129.5;1443;0
1;32;308.0;672;120.5;1443;0
1;33;300.0;693;217.1;1488;0
1;35;341.1;735;202.3;1578;0
1;32;361.0;672;284.6;1443;0
1;33;262.9;693;154.2;1488;0
1;30;114.6;630;57.5;1353;0
1;36;289.0;756;151.3;1623;0
1;32;265.7;672;116.3;1443;0
1;32;248.0;672;165.0;1443;0
1;34;478.6;714;266.1;1533;0
1;34;360.0;714;251.1;1533;0
1;28;260.6;588;119.0;1263;0
1;35;541.9;735;314.1;1578;0
1;35;383.7;735;41.6;1578;0
1;31;330.8;651;111.3;1398;0
1;33;181.1;693;106.2;1488;0
1;36;343.5;756;149.4;1623;0
1;33;283.7;693;94.2;1488;0
1;30;297.6;630;105.7;1353;0
1;32;208.9;672;137.1;1443;0
1;35;359.7;735;171.7;1578;0
1;37;427.5;777;211.2;1668;0
1;35;404.1;735;169.0;1578;0
1;31;234.2;651;66.8;1398;0
1;32;307.6;672;112.3;1443;0
1;36;300.3;756;177.8;1623;0
1;33;308.5;693;134.6;1488;0
1;34;261.1;714;157.7;1533;0
1;34;254.5;714;78.1;1533;0
1;32;370.1;672;143.7;1443;0
1;34;409.9;714;143.6;1533;0
1;31;301.6;651;132.9;1398;0
1;35;363.2;735;160.0;1578;0
1;32;268.0;672;151.9;1443;0
1;33;293.9;693;184.4;1488;0
1;33;419.6;693;253.2;1488;0
1;32;122.6;672;76.6;1443;0
1;36;278.9;756;79.4;1623;0
1;33;206.6;693;96.0;1488;0
1;37;141.5;777;73.2;1668;0
1;32;318.7;672;183.9;1443;0
1;33;407.5;693;248.9;1488;0
1;31;225.3;651;114.6;1398;0
1;33;168.3;693;74.5;1488;0
1;33;125.8;693;34.1;1488;0
1;34;127.6;714;56.0;1533;0
1;31;206.2;651;91.4;1398;0
1;34;435.5;714;289.3;1533;0
1;33;149.1;693;61.3;1488;0
1;33;260.8;693;194.1;1488;0
1;35;219.0;735;79.8;1578;0
1;35;145.6;735;55.5;1578;0
1;32;286.0;672;139.9;1443;0
1;35;279.6;735;213.8;1578;0
1;31;294.6;651;122.1;1398;0
1;34;227.1;714;137.4;1533;0
1;35;229.9;735;110.3;1578;0
1;32;148.3;672;77.6;1443;0
1;27;142.3;567;67.9;1218;0
1;31;136.7;651;92.3;1398;0
1;32;330.7;672;197.0;1443;0
1;34;291.2;714;167.2;1533;0
1;35;227.5;735;87.4;1578;0
1;32;182.0;672;61.8;1443;0
1;31;276.4;651;132.5;1398;0
1;34;206.6;714;129.4;1533;0
1;33;150.2;693;81.2;1488;0
1;29;188.5;609;79.3;1308;0
1;33;326.6;693;200.7;1488;0
1;35;237.6;735;114.4;1578;0
1;32;310.7;672;156.6;1443;0
1;35;166.7;735;56.8;1578;0
1;32;160.3;672;66.0;1443;0
1;34;243.0;714;33.6;1533;0
1;30;232.4;630;105.9;1353;0
1;31;216.4;651;149.4;1398;0
1;33;340.6;693;308.8;1488;0
1;32;144.0;672;94.0;1443;0
1;32;339.5;672;210.1;1443;0
1;33;280.1;693;141.6;1488;0
1;33;434.5;693;239.1;1488;0
1;33;402.0;693;319.5;1488;0
1;31;244.6;651;124.1;1398;0
1;31;151.7;651;91.1;1398;0
1;33;321.7;693;62.4;1488;0
1;32;318.6;672;142.4;1443;0
1;35;280.8;735;200.2;1578;0
1;32;188.4;672;39.5;1443;0
1;31;244.3;651;159.6;1398;0
1;32;289.9;672;111.1;1443;0
1;31;298.4;651;50.0;1398;0
1;34;163.1;714;76.7;1533;0
1;33;312.1;693;145.2;1488;0
1;32;363.0;672;177.3;1443;0
1;36;374.1;756;201.6;1623;0
1;33;161.8;693;68.4;1488;0
1;37;394.5;777;247.4;1668;0
1;30;96.7;630;68.8;1353;0
1;33;272.5;693;158.0;1488;0
1;33;427.1;693;139.3;1488;0
1;39;374.2;819;156.8;1758;0
1;33;443.4;693;163.5;1488;0
1;32;337.2;672;139.2;1443;0
1;33;247.9;693;72.9;1488;0
1;31;166.7;651;46.4;1398;0
1;33;376.6;693;109.0;1488;0
1;39;260.4;819;181.8;1758;0
1;33;260.8;693;150.9;1488;0
1;31;291.1;651;166.2;1398;0
1;31;226.2;651;152.9;1398;0
1;34;110.0;714;23.5;1533;0
1;34;325.4;714;237.3;1533;0
1;34;295.6;714;63.3;1533;0
1;31;249.4;651;193.1;1398;0
1;34;378.8;714;217.2;1533;0
1;35;255.1;735;106.6;1578;0
1;34;271.8;714;100.0;1533;0
1;30;306.3;630;161.0;1353;0
1;32;282.1;672;234.9;1443;0
1;32;288.7;672;109.5;1443;0
1;32;221.8;672;103.4;1443;0
1;34;167.9;714;105.8;1533;0
1;33;314.9;693;162.0;1488;0
1;33;377.1;693;227.4;1488;0
1;32;255.3;672;92.9;1443;0
1;33;335.9;693;238.5;1488;0
1;34;379.2;714;167.8;1533;0
1;30;338.8;630;222.8;1353;0
1;35;274.0;735;143.8;1578;0
1;33;419.1;693;255.7;1488;0
1;33;110.4;693;51.8;1488;0
1;36;358.1;756;205.8;1623;0
1;33;285.2;693;40.1;1488;0
1;31;203.4;651;79.3;1398;0
0;31;125.5;651;79.5;1398;0
1;33;276.3;693;220.5;1488;0
1;36;236.3;756;139.5;1623;0
1;33;317.6;693;184.4;1488;0
1;36;467.1;756;205.0;1623;0
1;33;333.2;693;93.6;1488;0
1;35;406.6;735;235.8;1578;0
1;35;309.3;735;175.4;1578;0
1;32;118.1;672;60.1;1443;0
1;38;239.0;798;174.9;1713;0
1;34;274.9;714;155.9;1533;0
1;32;264.3;672;175.5;1443;0
1;35;173.1;735;115.8;1578;0
1;34;208.2;714;125.0;1533;0
1;30;282.3;630;145.9;1353;0
1;32;277.7;672;160.5;1443;0
1;30;427.4;630;167.2;1353;0
1;37;179.6;777;110.0;1668;0
1;32;351.9;672;273.2;1443;0
1;33;138.5;693;51.9;1488;0
1;29;235.4;609;79.1;1308;0
1;35;232.5;735;106.3;1578;0
1;33;156.1;693;99.7;1488;0
1;32;322.7;672;196.4;1443;0
1;33;177.6;693;144.5;1488;0
1;33;260.9;693;185.8;1488;0
1;35;238.6;735;125.4;1578;0
1;34;266.7;714;203.8;1533;0
1;36;233.2;756;123.4;1623;0
1;35;339.7;735;225.7;1578;0
1;37;290.2;777;143.7;1668;0
1;30;238.6;630;119.6;1353;0
1;33;228.0;693;80.4;1488;0
1;35;401.3;735;200.0;1578;0
1;36;106.1;756;51.8;1623;0
1;34;341.1;714;116.6;1533;0
1;32;194.7;672;89.5;1443;0
1;34;208.9;714;79.0;1533;0
1;33;121.2;693;40.9;1488;0
1;33;272.4;693;96.0;1488;0
1;32;239.5;672;84.6;1443;0
1;35;309.5;735;187.2;1578;0
1;34;268.9;714;182.8;1533;0
1;31;275.2;651;102.7;1398;0
1;33;158.1;693;109.3;1488;0
1;34;312.5;714;175.4;1533;0
1;32;250.1;672;174.9;1443;0
1;36;333.0;756;272.2;1623;0
1;30;485.0;630;162.2;1353;0
1;38;311.6;798;190.9;1713;0
1;33;410.5;693;222.7;1488;0
1;32;329.2;672;187.9;1443;0
1;31;169.4;651;78.7;1398;0
1;31;165.6;651;77.1;1398;0
1;30;265.0;630;146.7;1353;0
1;29;277.4;609;113.0;1308;0
1;32;266.1;672;122.5;1443;0
1;33;399.5;693;292.1;1488;0
1;35;309.2;735;134.8;1578;0
1;33;260.3;693;180.9;1488;0
1;32;350.0;672;201.9;1443;0
1;35;279.8;735;207.9;1578;0
1;30;346.0;630;125.1;1353;0
1;34;127.7;714;91.6;1533;0
1;34;244.6;714;152.9;1533;0
1;36;348.6;756;262.1;1623;0
1;33;184.5;693;142.2;1488;0
1;32;123.0;672;46.6;1443;0
1;29;303.2;609;83.8;1308;0
1;36;354.3;756;158.8;1623;0
1;31;213.2;651;170.5;1398;0
1;35;345.7;735;100.0;1578;0
1;33;298.6;693;126.8;1488;0
1;34;362.0;714;102.3;1533;0
1;34;349.1;714;167.7;1533;0
1;34;342.3;714;151.8;1533;0
1;33;177.6;693;85.9;1488;0
1;35;337.4;735;193.1;1578;0
1;31;333.8;651;115.0;1398;0
1;33;247.5;693;163.4;1488;0
1;33;291.7;693;195.7;1488;0
1;33;324.9;693;198.3;1488;0
1;29;256.2;609;145.5;1308;0
1;33;288.8;693;143.5;1488;0
1;33;386.0;693;281.7;1488;0
1;32;182.2;672;61.7;1443;0
1;32;455.3;672;237.8;1443;0
1;35;118.2;735;66.4;1578;0
1;34;244.1;714;25.4;1533;0
1;34;246.3;714;202.4;1533;0
1;36;375.8;756;181.5;1623;0
1;34;238.5;714;113.2;1533;0
1;32;351.2;672;95.8;1443;0
1;31;345.8;651;196.1;1398;0
1;35;305.6;735;175.5;1578;0
1;33;98.6;693;22.5;1488;0
1;31;192.1;651;111.8;1398;0
1;33;236.5;693;174.6;1488;0
1;36;104.0;756;43.9;1623;0
1;32;270.4;672;117.5;1443;0
1;32;370.6;672;241.8;1443;0
1;34;142.1;714;67.4;1533;0
1;31;214.8;651;129.2;1398;0
1;33;296.7;693;144.6;1488;0
1;35;319.1;735;159.4;1578;0
1;35;328.5;735;180.8;1578;0
1;34;182.7;714;44.4;1533;0
1;30;231.5;630;77.4;1353;0
1;31;220.8;651;128.6;1398;0
1;32;207.4;672;91.7;1443;0
1;34;359.6;714;172.2;1533;0
1;34;304.3;714;128.4;1533;0
1;33;370.1;693;171.7;1488;0
1;36;334.9;756;99.5;1623;0
1;30;168.4;630;53.5;1353;0
1;29;286.4;609;116.1;1308;0
1;30;193.5;630;54.3;1353;0
1;34;312.4;714;190.8;1533;0
1;35;193.2;735;155.4;1578;0
1;33;369.6;693;199.5;1488;0
1;34;310.8;714;121.8;1533;0
1;34;288.8;714;38.4;1533;0
1;32;337.7;672;234.8;1443;0
1;34;285.3;714;123.2;1533;0
1;34;249.4;714;127.1;1533;0
1;31;216.3;651;196.0;1398;0
1;34;100.5;714;47.4;1533;0
1;34;244.9;714;38.1;1533;0
1;32;159.8;672;140.2;1443;0
1;36;436.3;756;160.1;1623;0
1;33;235.0;693;82.9;1488;0
1;34;174.4;714;92.4;1533;0
1;32;237.2;672;71.5;1443;0
1;34;261.4;714;141.6;1533;0
1;34;297.4;714;154.1;1533;0
1;30;195.0;630;102.2;1353;0
1;33;332.6;693;156.9;1488;0
1;33;229.4;693;59.5;1488;0
1;31;313.8;651;156.4;1398;0
1;36;497.3;756;285.7;1623;0
1;31;318.0;651;181.1;1398;0
1;33;384.8;693;192.2;1488;0
1;35;139.2;735;88.9;1578;0
1;35;386.9;735;283.2;1578;0
1;31;318.0;651;195.4;1398;0
1;33;345.4;693;235.2;1488;0
1;33;198.7;693;111.1;1488;0
1;37;353.3;777;207.6;1668;0
1;32;250.6;672;170.4;1443;0
1;34;247.7;714;179.8;1533;0
1;35;329.8;735;157.3;1578;0
1;29;231.5;609;84.4;1308;0
1;36;106.9;756;57.1;1623;0
1;31;324.6;651;135.4;1398;0
1;32;118.1;672;51.2;1443;0
1;33;179.4;693;90.3;1488;0
1;32;223.3;672;138.9;1443;0
1;32;242.5;672;144.1;1443;0
1;32;266.9;672;69.3;1443;0
1;35;258.7;735;184.5;1578;0
1;35;294.7;735;119.9;1578;0
1;34;403.2;714;168.4;1533;0
1;32;365.5;672;119.2;1443;0
1;34;293.8;714;217.8;1533;0
1;33;182.0;693;101.4;1488;0
1;32;202.8;672;115.2;1443;0
1;35;292.7;735;142.9;1578;0
1;32;280.6;672;207.0;1443;0
1;32;127.8;672;53.2;1443;0
1;36;170.5;756;136.6;1623;0
1;33;361.6;693;213.3;1488;0
1;34;110.2;714;44.9;1533;0
1;34;106.3;714;75.3;1533;0
1;31;187.7;651;138.0;1398;0
1;33;308.1;693;90.4;1488;0
1;32;222.5;672;65.5;1443;0
1;31;241.9;651;147.2;1398;0
1;32;161.8;672;99.9;1443;0
1;32;180.0;672;79.0;1443;0
1;31;203.8;651;92.1;1398;0
1;35;327.8;735;245.2;1578;0
1;34;197.3;714;91.2;1533;0
1;35;198.5;735;138.4;1578;0
1;35;255.5;735;137.6;1578;0
1;30;271.3;630;225.4;1353;0
1;36;194.7;756;110.7;1623;0
1;31;263.9;651;100.5;1398;0
1;33;131.6;693;76.8;1488;0
1;33;276.6;693;190.4;1488;0
1;33;139.7;693;57.3;1488;0
1;35;250.5;735;156.9;1578;0
1;31;198.9;651;123.3;1398;0
1;37;346.0;777;232.9;1668;0
1;32;143.6;672;81.8;1443;0
1;33;241.2;693;69.1;1488;0
1;32;303.4;672;174.2;1443;0
1;33;243.2;693;155.2;1488;0
1;38;107.0;798;23.7;1713;0
0;34;99.5;714;22.8;1533;0
1;35;318.8;735;238.3;1578;0
1;33;144.6;693;89.7;1488;0
1;35;388.1;735;233.3;1578;0
1;32;149.0;672;64.7;1443;0
1;33;248.9;693;107.7;1488;0
1;35;216.9;735;65.3;1578;0
1;34;248.6;714;159.0;1533;0
1;31;231.1;651;204.0;1398;0
1;36;292.9;756;236.6;1623;0
1;34;244.7;714;92.7;1533;0
1;34;352.6;714;78.1;1533;0
1;34;274.3;714;163.8;1533;0
1;33;396.3;693;185.7;1488;0
1;31;206.6;651;167.4;1398;0
1;32;344.5;672;140.3;1443;0
1;34;392.8;714;254.5;1533;0
1;33;414.1;693;272.6;1488;0
1;33;288.4;693;180.7;1488;0
1;31;313.0;651;259.2;1398;0
1;33;103.2;693;58.9;1488;0
1;32;279.4;672;139.2;1443;0
1;34;203.4;714;37.1;1533;0
1;34;212.1;714;113.7;1533;0
1;35;163.7;735;34.5;1578;0
1;33;333.9;693;65.5;1488;0
1;37;233.3;777;81.9;1668;0
1;33;447.7;693;221.7;1488;0
1;33;352.2;693;148.7;1488;0
1;31;252.3;651;79.8;1398;0
1;34;201.4;714;111.9;1533;0
1;33;413.2;693;283.0;1488;0
1;34;106.2;714;86.3;1533;0
1;34;219.3;714;78.8;1533;0
1;35;239.5;735;131.2;1578;0
1;33;436.7;693;183.2;1488;0
1;36;292.4;756;174.6;1623;0
1;33;359.4;693;194.9;1488;0
1;34;307.0;714;163.9;1533;0
1;34;356.9;714;158.0;1533;0
1;31;225.9;651;145.9;1398;0
1;33;184.5;693;64.5;1488;0
1;36;466.4;756;223.7;1623;0
1;35;349.4;735;241.9;1578;0
1;32;226.2;672;184.2;1443;0
1;33;255.9;693;131.4;1488;0
1;32;252.1;672;216.9;1443;0
1;33;258.7;693;168.4;1488;0
1;35;394.5;735;255.7;1578;0
0;33;135.6;693;50.2;1488;0
1;32;213.9;672;74.9;1443;0
1;30;252.3;630;142.8;1353;0
1;32;437.6;672;143.7;1443;0
1;32;200.8;672;120.5;1443;0
1;35;357.9;735;262.7;1578;0
1;33;421.9;693;265.6;1488;0
1;33;102.5;693;54.5;1488;0
1;34;334.5;714;109.5;1533;0
1;34;282.1;714;105.1;1533;0
1;32;247.0;672;100.8;1443;0
1;32;199.7;672;135.2;1443;0
1;32;103.1;672;66.7;1443;0
1;32;277.0;672;202.7;1443;0
1;32;258.4;672;188.8;1443;0
1;36;454.8;756;265.4;1623;0
1;33;177.9;693;92.7;1488;0
1;32;291.4;672;109.0;1443;0
1;35;419.7;735;86.4;1578;0
1;30;292.7;630;109.1;1353;0
1;35;302.4;735;172.1;1578;0
1;34;275.6;714;152.2;1533;0
1;33;309.6;693;172.2;1488;0
1;31;155.6;651;72.8;1398;0
1;35;132.1;735;77.9;1578;0
1;33;230.8;693;141.4;1488;0
1;30;246.5;630;138.7;1353;0
1;31;317.6;651;273.6;1398;0
1;32;131.3;672;87.3;1443;0
1;30;99.2;630;81.3;1353;0
1;32;149.8;672;63.9;1443;0
1;31;225.1;651;174.6;1398;0
1;32;291.1;672;179.7;1443;0
1;38;176.9;798;90.1;1713;0
1;35;358.6;735;195.9;1578;0
1;33;230.3;693;113.0;1488;0
1;33;267.7;693;206.8;1488;0
1;35;230.2;735;120.3;1578;0
1;33;337.2;693;236.7;1488;0
1;33;165.7;693;92.3;1488;0
1;33;312.0;693;116.3;1488;0
1;32;260.5;672;176.4;1443;0
1;32;412.3;672;310.2;1443;0
1;31;340.3;651;191.2;1398;0
1;34;139.0;714;96.2;1533;0
1;33;145.4;693;71.6;1488;0
1;32;263.4;672;83.7;1443;0
1;35;359.0;735;199.9;1578;0
1;35;291.1;735;103.4;1578;0
1;31;242.3;651;55.4;1398;0
1;31;261.8;651;164.5;1398;0
1;36;337.4;756;192.3;1623;0
1;35;388.0;735;153.8;1578;0
1;31;257.4;651;142.7;1398;0
1;31;397.8;651;214.2;1398;0
1;35;297.0;735;191.8;1578;0
1;34;358.5;714;171.6;1533;0
1;34;206.1;714;65.8;1533;0
1;35;286.0;735;169.3;1578;0
1;35;231.2;735;133.3;1578;0
1;35;320.2;735;156.5;1578;0
1;33;289.4;693;208.6;1488;0
1;32;198.3;672;138.3;1443;0
1;33;325.5;693;214.8;1488;0
1;36;354.7;756;142.3;1623;0
1;31;172.1;651;116.4;1398;0
1;32;183.4;672;84.8;1443;0
1;34;132.2;714;72.2;1533;0
1;32;329.2;672;263.3;1443;0
1;34;339.7;714;115.7;1533;0
1;35;316.3;735;196.8;1578;0
1;34;339.8;714;231.1;1533;0
1;35;351.0;735;188.2;1578;0
1;32;347.4;672;177.4;1443;0
1;31;141.3;651;60.7;1398;0
1;32;338.4;672;173.0;1443;0
0;32;368.7;672;229.4;1443;0
1;33;285.2;693;105.7;1488;0
1;33;160.5;693;42.2;1488;0
1;32;131.5;672;41.7;1443;0
1;33;287.4;693;144.8;1488;0
1;31;359.4;651;198.4;1398;0
1;33;282.3;693;153.2;1488;0
1;34;298.8;714;263.8;1533;0
1;35;411.6;735;138.9;1578;0
1;32;217.1;672;170.2;1443;0
1;38;408.2;798;272.4;1713;0
1;34;370.0;714;124.8;1533;0
1;36;230.2;756;111.7;1623;0
1;35;397.7;735;112.6;1578;0
1;36;213.5;756;136.7;1623;0
1;34;135.5;714;75.1;1533;0
1;33;356.9;693;199.0;1488;0
1;34;390.9;714;223.5;1533;0
1;38;334.7;798;161.1;1713;0
1;34;363.5;714;298.4;1533;0
1;36;421.2;756;159.2;1623;0
1;36;272.8;756;171.6;1623;0
1;29;263.5;609;161.2;1308;0
1;33;391.1;693;236.8;1488;0
1;35;342.2;735;227.4;1578;0
1;32;383.7;672;199.9;1443;0
1;33;317.3;693;117.0;1488;0
1;31;100.1;651;79.4;1398;0
1;35;433.9;735;244.1;1578;0
1;31;219.2;651;133.9;1398;0
1;34;228.1;714;106.8;1533;0
1;31;186.0;651;122.8;1398;0
1;36;246.7;756;180.8;1623;0
1;35;258.1;735;120.2;1578;0
1;31;326.0;651;123.4;1398;0
1;33;204.2;693;44.8;1488;0
1;34;282.1;714;200.2;1533;0
1;34;151.8;714;92.0;1533;0
1;31;349.8;651;269.5;1398;0
1;33;268.8;693;136.7;1488;0
1;31;181.6;651;99.5;1398;0
1;35;304.0;735;150.3;1578;0
1;33;217.6;693;65.8;1488;0
1;34;348.0;714;203.1;1533;0
1;32;308.9;672;246.7;1443;0
1;34;305.8;714;78.9;1533;0
1;34;278.2;714;100.4;1533;0
1;32;249.2;672;172.0;1443;0
1;33;243.3;693;145.9;1488;0
1;31;288.3;651;147.0;1398;0
1;33;307.5;693;155.1;1488;0
1;32;237.1;672;141.8;1443;0
1;33;238.9;693;118.9;1488;0
1;35;265.6;735;150.5;1578;0
1;35;271.3;735;142.2;1578;0
1;33;244.7;693;120.5;1488;0
1;33;219.2;693;106.5;1488;0
1;32;332.5;672;88.6;1443;0
1;34;388.2;714;137.7;1533;0
1;34;191.7;714;99.8;1533;0
1;33;355.7;693;244.0;1488;0
1;35;441.1;735;190.6;1578;0
1;31;255.9;651;190.0;1398;0
1;34;419.8;714;140.0;1533;0
1;32;280.6;672;121.6;1443;0
1;31;341.5;651;137.2;1398;0
1;33;312.7;693;72.4;1488;0
1;33;429.5;693;178.0;1488;0
1;34;421.8;714;268.4;1533;0
1;35;317.5;735;170.2;1578;0
1;33;256.8;693;143.9;1488;0
1;35;145.4;735;104.8;1578;0
1;32;293.7;672;79.0;1443;0
1;31;145.7;651;69.6;1398;0
1;31;407.7;651;207.5;1398;0
1;35;375.0;735;175.5;1578;0
1;32;260.9;672;180.1;1443;0
1;32;340.8;672;129.2;1443;0
1;33;278.0;693;97.5;1488;0
1;37;407.9;777;301.7;1668;0
1;33;308.9;693;173.1;1488;0
0;32;205.7;672;45.6;1443;0
1;29;384.2;609;254.4;1308;0
1;34;194.4;714;112.0;1533;0
1;35;244.6;735;105.7;1578;0
1;35;212.6;735;85.2;1578;0
1;33;289.2;693;178.1;1488;0
1;34;304.6;714;99.0;1533;0
1;33;235.4;693;95.8;1488;0
1;36;301.8;756;193.4;1623;0
1;33;326.4;693;204.0;1488;0
1;31;301.6;651;226.6;1398;0
1;34;322.0;714;198.0;1533;0
1;37;375.3;777;208.7;1668;0
1;33;285.5;693;208.4;1488;0
1;34;381.1;714;232.9;1533;0
1;34;309.5;714;235.1;1533;0
1;34;184.7;714;72.2;1533;0
1;33;261.4;693;185.1;1488;0
1;34;273.7;714;211.2;1533;0
1;35;282.8;735;145.8;1578;0
1;32;311.5;672;258.6;1443;0
1;32;255.4;672;181.4;1443;0
1;34;102.8;714;63.3;1533;0
1;32;254.9;672;164.1;1443;0
1;31;266.6;651;211.8;1398;0
1;31;198.5;651;101.3;1398;0
1;33;264.0;693;130.0;1488;0
1;35;308.7;735;169.3;1578;0
1;33;299.5;693;125.3;1488;0
1;38;176.1;798;70.4;1713;0
1;31;231.3;651;108.9;1398;0
1;35;428.0;735;282.9;1578;0
1;35;297.5;735;138.2;1578;0
1;32;309.0;672;198.0;1443;0
1;29;231.2;609;84.0;1308;0
1;33;274.3;693;44.6;1488;0
1;36;361.2;756;204.5;1623;0
1;32;223.8;672;106.8;1443;0
1;32;276.3;672;175.6;1443;0
1;35;322.8;735;64.8;1578;0
1;33;165.7;693;54.2;1488;0
0;31;241.5;651;124.1;1398;0
1;31;189.9;651;81.1;1398;0
1;31;376.6;651;178.2;1398;0
1;34;445.6;714;270.8;1533;0
1;33;216.9;693;78.3;1488;0
1;31;330.8;651;171.9;1398;0
1;33;177.6;693;142.0;1488;0
1;31;251.2;651;151.4;1398;0
1;32;292.2;672;109.8;1443;0
1;33;208.5;693;114.3;1488;0
1;34;222.3;714;129.0;1533;0
1;34;285.3;714;120.8;1533;0
1;33;191.8;693;101.6;1488;0
1;34;211.2;714;151.2;1533;0
1;34;418.0;714;98.4;1533;0
1;31;275.3;651;104.2;1398;0
1;31;250.8;651;121.2;1398;0
1;31;289.0;651;149.7;1398;0
1;32;201.9;672;64.4;1443;0
1;34;104.3;714;40.2;1533;0
1;33;288.0;693;123.8;1488;0
1;32;103.1;672;21.2;1443;0
1;34;167.1;714;68.0;1533;0
1;31;210.5;651;93.7;1398;0
1;30;246.7;630;151.1;1353;0
1;31;383.6;651;184.2;1398;0
1;32;132.1;672;44.7;1443;0
1;34;378.6;714;166.4;1533;0
1;32;181.2;672;156.7;1443;0
1;30;326.3;630;178.7;1353;0
1;32;301.7;672;114.6;1443;0
1;33;328.2;693;103.8;1488;0
1;33;407.4;693;235.3;1488;0
1;31;211.9;651;85.9;1398;0
1;35;168.0;735;48.8;1578;0
1;29;143.8;609;26.9;1308;0
1;30;363.8;630;144.8;1353;0
1;31;144.7;651;80.2;1398;0
1;33;403.8;693;265.4;1488;0
1;33;440.4;693;196.8;1488;0
1;33;324.9;693;202.8;1488;0
1;32;301.8;672;196.8;1443;0
1;32;318.8;672;145.7;1443;0
1;30;211.1;630;94.4;1353;0
1;32;194.7;672;119.5;1443;0
1;33;301.4;693;103.0;1488;0
1;33;317.7;693;113.7;1488;0
1;33;139.7;693;47.7;1488;0
1;32;283.0;672;110.9;1443;0
1;36;183.1;756;116.9;1623;0
1;34;257.7;714;127.1;1533;0
1;32;122.1;672;51.1;1443;0
1;33;152.2;693;39.2;1488;0
1;32;410.6;672;203.8;1443;0
1;31;223.8;651;82.5;1398;0
1;36;360.7;756;210.5;1623;0
1;33;201.4;693;120.9;1488;0
1;34;351.5;714;181.8;1533;0
1;34;236.2;714;113.9;1533;0
1;31;168.6;651;96.5;1398;0
1;32;102.4;672;49.7;1443;0
1;33;130.6;693;41.8;1488;0
1;32;342.0;672;169.2;1443;0
1;32;317.0;672;148.7;1443;0
1;36;318.1;756;140.2;1623;0
1;36;256.4;756;143.4;1623;0
1;35;335.3;735;201.1;1578;0
1;39;349.6;819;176.0;1758;0
1;32;103.3;672;43.0;1443;0
1;34;293.9;714;152.1;1533;0
1;29;201.4;609;131.2;1308;0
1;33;137.6;693;38.6;1488;0
1;33;236.8;693;141.0;1488;0
1;36;204.4;756;112.6;1623;0
1;33;272.9;693;86.4;1488;0
1;32;233.0;672;83.1;1443;0
1;34;414.0;714;230.5;1533;0
1;31;162.2;651;132.9;1398;0
1;34;410.7;714;280.0;1533;0
1;31;277.0;651;153.1;1398;0
1;31;428.3;651;297.2;1398;0
1;31;87.4;651;35.7;1398;0
1;32;292.2;672;130.6;1443;0
1;35;174.1;735;133.9;1578;0
1;34;105.5;714;84.4;1533;0
1;32;358.9;672;273.9;1443;0
1;33;200.4;693;94.8;1488;0
1;33;101.5;693;81.1;1488;0
1;34;238.3;714;171.9;1533;0
1;33;293.0;693;58.5;1488;0
1;32;174.7;672;89.5;1443;0
1;35;266.2;735;203.0;1578;0
1;31;127.8;651;90.2;1398;0
1;32;442.8;672;334.3;1443;0
1;32;290.8;672;166.1;1443;0
1;33;356.8;693;114.4;1488;0
1;34;419.8;714;226.1;1533;0
1;31;332.8;651;186.6;1398;0
1;33;225.1;693;74.4;1488;0
1;33;289.0;693;173.2;1488;0
1;34;171.3;714;63.2;1533;0
1;34;309.5;714;149.0;1533;0
1;33;262.8;693;91.2;1488;0
1;33;255.8;693;108.1;1488;0
1;34;151.2;714;119.4;1533;0
1;32;138.5;672;119.1;1443;0
1;33;312.7;693;66.0;1488;0
1;33;354.9;693;171.6;1488;0
1;33;261.6;693;135.9;1488;0
1;32;279.0;672;176.9;1443;0
1;35;422.7;735;138.7;1578;0
1;31;231.4;651;174.9;1398;0
1;35;312.6;735;259.6;1578;0
1;32;165.6;672;133.4;1443;0
1;35;382.7;735;41.3;1578;0
1;31;150.5;651;31.7;1398;0
1;33;268.9;693;126.9;1488;0
1;31;98.9;651;49.6;1398;0
1;34;138.2;714;43.0;1533;0
1;36;245.9;756;131.2;1623;0
1;34;247.1;714;144.0;1533;0
1;35;219.2;735;130.0;1578;0
1;33;191.9;693;129.5;1488;0
1;33;240.5;693;92.6;1488;0
1;29;210.0;609;119.3;1308;0
1;30;191.7;630;68.8;1353;0
1;34;319.3;714;178.1;1533;0
1;34;520.0;714;270.2;1533;0
1;35;269.9;735;83.2;1578;0
1;35;373.2;735;204.5;1578;0
1;34;335.7;714;130.0;1533;0
1;33;114.6;693;72.0;1488;0
1;32;202.7;672;53.8;1443;0
1;32;311.9;672;140.5;1443;0
1;32;315.2;672;224.1;1443;0
1;33;223.7;693;135.7;1488;0
1;32;304.3;672;170.1;1443;0
1;34;328.5;714;196.8;1533;0
1;29;265.8;609;128.6;1308;0
1;36;245.9;756;156.3;1623;0
1;33;293.9;693;273.4;1488;0
1;33;297.0;693;188.1;1488;0
1;35;335.9;735;213.0;1578;0
1;34;243.8;714;139.9;1533;0
1;33;179.5;693;82.2;1488;0
1;34;356.8;714;131.8;1533;0
1;34;344.8;714;186.0;1533;0
1;36;368.9;756;170.4;1623;0
1;30;353.0;630;89.0;1353;0
1;32;195.3;672;60.9;1443;0
1;32;171.8;672;64.1;1443;0
1;32;284.6;672;94.2;1443;0
1;31;246.7;651;68.7;1398;0
1;35;202.9;735;153.6;1578;0
1;33;416.0;693;106.4;1488;0
1;32;127.8;672;57.2;1443;0
1;31;116.5;651;39.0;1398;0
1;32;127.3;672;81.0;1443;0
1;33;225.0;693;117.7;1488;0
1;35;475.5;735;246.2;1578;0
1;35;135.0;735;106.4;1578;0
1;31;407.8;651;161.2;1398;0
1;33;206.3;693;108.6;1488;0
1;34;299.0;714;212.3;1533;0
1;33;132.7;693;45.0;1488;0
1;36;350.3;756;175.4;1623;0
1;35;136.5;735;61.3;1578;0
1;32;312.7;672;142.6;1443;0
1;33;298.0;693;187.9;1488;0
1;32;231.9;672;149.4;1443;0
1;34;408.2;714;140.9;1533;0
1;33;254.0;693;192.4;1488;0
1;32;283.6;672;87.5;1443;0
1;33;373.5;693;214.4;1488;0
1;33;140.2;693;56.1;1488;0
1;31;361.4;651;247.9;1398;0
1;35;205.8;735;58.2;1578;0
1;33;139.6;693;96.6;1488;0
1;32;133.4;672;79.0;1443;0
1;33;228.8;693;101.5;1488;0
1;33;370.8;693;274.6;1488;0
1;37;139.2;777;71.9;1668;0
1;31;376.8;651;212.0;1398;0
1;32;295.8;672;138.5;1443;0
1;34;280.9;714;161.4;1533;0
1;33;361.4;693;227.9;1488;0
1;33;326.5;693;134.5;1488;0
1;31;123.1;651;42.5;1398;0
1;34;336.5;714;126.4;1533;0
1;35;176.1;735;79.9;1578;0
1;33;288.9;693;141.5;1488;0
1;31;284.3;651;121.1;1398;0
1;33;212.8;693;76.2;1488;0
1;33;287.2;693;114.0;1488;0
1;34;263.1;714;181.5;1533;0
1;28;250.1;588;71.3;1263;0
1;34;360.8;714;90.5;1533;0
1;32;123.4;672;41.1;1443;0
1;33;190.2;693;118.3;1488;0
1;33;338.5;693;190.9;1488;0
1;32;303.2;672;140.8;1443;0
1;32;332.0;672;106.9;1443;0
1;33;331.1;693;131.8;1488;0
1;32;299.2;672;140.7;1443;0
1;33;274.1;693;124.7;1488;0
1;34;273.5;714;147.7;1533;0
1;33;239.8;693;161.6;1488;0
1;34;296.9;714;91.8;1533;0
1;33;262.8;693;90.9;1488;0
1;34;219.8;714;152.4;1533;0
1;32;328.9;672;205.2;1443;0
1;34;363.2;714;118.4;1533;0
1;33;400.2;693;183.8;1488;0
1;30;327.6;630;93.6;1353;0
1;33;249.7;693;115.0;1488;0
1;33;241.1;693;129.2;1488;0
1;34;206.5;714;61.0;1533;0
1;31;181.4;651;115.4;1398;0
1;35;330.2;735;270.5;1578;0
1;33;276.8;693;150.4;1488;0
1;34;368.1;714;153.2;1533;0
1;32;151.3;672;94.5;1443;0
1;33;362.3;693;73.2;1488;0
1;33;258.0;693;107.0;1488;0
1;33;303.0;693;69.6;1488;0
1;31;247.4;651;115.7;1398;0
1;34;292.3;714;202.9;1533;0
1;32;247.1;672;149.2;1443;0
1;32;325.0;672;164.7;1443;0
1;32;339.8;672;191.5;1443;0
1;35;482.6;735;384.5;1578;0
1;35;373.6;735;203.6;1578;0
1;30;281.0;630;133.6;1353;0
1;34;448.2;714;278.7;1533;0
1;35;140.0;735;93.9;1578;0
1;36;312.4;756;114.8;1623;0
1;33;323.9;693;150.6;1488;0
1;30;376.1;630;155.5;1353;0
1;33;362.6;693;183.9;1488;0
1;34;292.7;714;119.3;1533;0
1;34;324.3;714;257.4;1533;0
1;34;366.6;714;99.1;1533;0
1;34;372.3;714;278.6;1533;0
1;33;291.5;693;103.9;1488;0
1;32;241.4;672;109.2;1443;0
1;36;185.0;756;144.5;1623;0
1;34;373.3;714;143.4;1533;0
1;32;99.8;672;36.7;1443;0
1;33;129.1;693;28.2;1488;0
1;31;207.2;651;121.9;1398;0
1;30;263.8;630;138.8;1353;0
1;34;144.4;714;31.5;1533;0
1;31;249.8;651;77.6;1398;0
1;31;284.2;651;64.5;1398;0
1;32;101.1;672;61.9;1443;0
1;32;367.6;672;169.0;1443;0
1;30;294.0;630;195.7;1353;0
1;33;109.2;693;40.8;1488;0
1;31;312.9;651;103.1;1398;0
1;34;339.7;714;250.7;1533;0
1;31;493.5;651;330.9;1398;0
1;32;265.7;672;77.1;1443;0
1;33;234.4;693;138.3;1488;0
1;32;101.4;672;44.4;1443;0
1;33;224.7;693;79.9;1488;0
1;29;380.1;609;166.7;1308;0
1;36;342.9;756;206.6;1623;0
1;34;329.0;714;186.9;1533;0
1;34;382.3;714;203.0;1533;0
1;35;522.1;735;295.2;1578;0
1;32;342.7;672;95.9;1443;0
1;31;107.4;651;68.8;1398;0
1;35;385.3;735;246.1;1578;0
1;34;208.8;714;32.0;1533;0
1;33;218.4;693;141.4;1488;0
1;33;307.5;693;128.4;1488;0
1;32;123.2;672;40.9;1443;0
1;33;324.8;693;165.4;1488;0
1;33;407.6;693;208.1;1488;0
1;32;338.4;672;163.7;1443;0
1;32;293.6;672;129.0;1443;0
1;34;313.3;714;193.2;1533;0
1;38;349.2;798;213.5;1713;0
1;35;276.3;735;183.3;1578;0
1;34;185.1;714;147.8;1533;0
1;30;127.1;630;68.9;1353;0
1;33;316.9;693;146.5;1488;0
1;31;362.8;651;273.6;1398;0
1;36;374.5;756;246.4;1623;0
1;32;318.1;672;208.9;1443;0
1;31;293.2;651;92.9;1398;0
1;32;312.9;672;148.2;1443;0
1;33;160.1;693;64.3;1488;0
1;33;265.8;693;181.1;1488;0
1;32;296.2;672;114.9;1443;0
1;33;145.7;693;33.0;1488;0
1;32;424.3;672;254.5;1443;0
1;30;256.4;630;154.9;1353;0
1;36;369.5;756;137.5;1623;0
1;34;264.8;714;81.6;1533;0
1;33;195.9;693;56.0;1488;0
1;35;330.6;735;143.2;1578;0
1;35;226.1;735;144.3;1578;0
1;31;160.2;651;69.3;1398;0
1;35;300.8;735;101.1;1578;0
1;35;246.4;735;156.2;1578;0
1;33;252.1;693;67.8;1488;0
1;32;341.6;672;227.7;1443;0
1;35;468.9;735;143.8;1578;0
1;34;316.3;714;212.8;1533;0
1;33;258.2;693;126.8;1488;0
1;33;159.5;693;55.1;1488;0
1;31;156.7;651;129.7;1398;0
1;30;221.9;630;78.3;1353;0
1;33;126.4;693;55.1;1488;0
1;35;333.9;735;159.6;1578;0
1;30;235.6;630;144.9;1353;0
1;33;319.1;693;233.5;1488;0
1;34;122.0;714;72.2;1533;0
1;33;138.3;693;48.1;1488;0
1;34;310.9;714;114.4;1533;0
1;30;305.9;630;218.3;1353;0
1;37;331.6;777;231.9;1668;0
1;33;181.7;693;88.0;1488;0
1;35;392.9;735;255.8;1578;0
1;35;282.7;735;81.4;1578;0
1;35;334.3;735;182.3;1578;0
1;32;186.1;672;105.8;1443;0
1;33;310.5;693;115.3;1488;0
1;29;267.9;609;134.4;1308;0
1;31;395.7;651;293.9;1398;0
1;32;341.7;672;222.4;1443;0
1;32;300.3;672;89.3;1443;0
1;32;311.3;672;211.7;1443;0
1;32;337.8;672;190.8;1443;0
1;32;318.7;672;211.0;1443;0
1;35;334.8;735;169.2;1578;0
1;36;386.6;756;187.0;1623;0
1;33;323.2;693;146.5;1488;0
1;30;208.0;630;116.6;1353;0
1;34;329.8;714;188.0;1533;0
1;33;358.2;693;135.1;1488;0
1;34;348.6;714;83.9;1533;0
1;36;311.1;756;204.5;1623;0
1;32;133.5;672;103.7;1443;0
1;32;280.2;672;114.7;1443;0
1;35;188.7;735;96.5;1578;0
1;31;253.6;651;111.9;1398;0
1;29;317.4;609;207.9;1308;0
1;36;429.0;756;187.7;1623;0
1;32;413.8;672;192.1;1443;0
1;32;353.5;672;196.9;1443;0
1;35;440.9;735;273.1;1578;0
1;32;265.9;672;152.2;1443;0
1;34;120.7;714;58.3;1533;0
1;32;99.6;672;56.5;1443;0
1;32;315.0;672;187.5;1443;0
1;35;202.3;735;133.4;1578;0
1;32;294.6;672;174.4;1443;0
1;29;144.0;609;97.0;1308;0
