1;12;123.0;400;100.5;863;4290
1;12;100.0;404;79.6;871;3879
1;11;71.4;365;68.0;788;4553
1;12;91.9;400;68.7;863;4730
1;12;70.3;400;58.4;863;4251
1;12;76.0;399;72.2;861;4471
1;11;68.3;365;64.8;788;4141
1;12;97.5;400;83.5;863;4319
1;12;77.8;397;73.9;857;5064
1;11;53.6;366;50.2;790;4479
1;11;64.1;365;60.5;788;3925
1;12;63.5;398;59.9;859;4293
1;12;68.7;400;50.3;863;4381
1;12;82.6;398;78.8;859;4748
1;12;67.5;400;63.6;863;4315
1;11;89.4;367;82.4;792;3578
1;12;82.2;399;78.3;861;4682
1;11;62.0;366;58.4;790;4017
1;12;68.1;400;54.0;863;4357
1;12;66.0;399;62.1;861;4515
1;12;74.3;400;60.6;863;4474
1;12;47.7;403;37.2;869;3809
1;12;82.7;398;70.9;859;4547
1;11;83.3;364;79.6;786;4548
1;11;75.7;365;72.2;788;3757
1;12;64.4;399;50.8;861;4379
1;11;66.2;363;52.7;784;4347
1;11;82.1;363;65.3;784;4849
1;12;81.4;400;77.8;863;4243
1;12;59.4;403;55.6;869;3910
1;11;74.9;365;54.8;788;4154
1;11;61.9;368;48.5;794;3581
1;12;73.6;399;69.8;861;4649
1;12;64.4;400;60.7;863;4436
1;12;71.6;399;68.0;861;5033
1;12;63.8;400;60.1;863;4236
1;12;69.1;403;45.8;869;4556
1;12;59.3;399;55.7;861;4363
1;12;71.7;398;67.9;859;4661
1;12;62.1;400;58.5;863;4015
1;12;62.6;402;58.9;867;4054
1;12;60.7;402;48.3;867;4024
1;12;66.6;400;63.0;863;4269
1;12;77.5;397;63.7;857;5314
1;12;84.4;398;80.4;859;4434
1;12;65.2;399;61.2;861;4635
1;11;64.7;365;44.8;788;4013
1;12;73.4;398;69.8;859;4395
1;12;76.8;394;66.4;851;5788
1;12;66.9;397;63.1;857;4870
1;12;78.2;398;74.5;859;4539
1;11;77.9;362;57.7;782;4651
1;11;63.9;367;60.4;792;4003
1;12;72.1;399;68.2;861;4508
1;12;71.7;396;67.9;855;4544
1;12;61.2;402;57.5;867;3954
1;11;69.4;365;51.3;788;4441
1;12;86.5;398;82.8;859;4685
1;11;63.1;365;59.9;788;4461
1;12;66.3;399;62.3;861;4424
1;12;60.3;400;56.5;863;4367
1;12;66.2;398;62.6;859;4439
1;12;92.0;399;88.2;861;4612
1;11;73.9;364;70.4;786;4610
1;12;84.0;399;80.1;861;4185
1;12;62.0;400;48.8;863;4214
1;11;61.2;369;52.4;796;4065
1;12;68.8;398;65.0;859;4763
1;11;79.4;365;75.9;788;4355
1;12;74.7;398;70.8;859;4953
1;11;58.5;364;55.0;786;4303
1;12;99.2;398;78.8;859;4340
1;12;102.5;401;98.8;865;4502
1;12;84.5;399;80.7;861;5136
1;12;96.1;397;92.5;857;5144
1;12;91.0;399;87.3;861;4542
1;11;59.0;365;38.7;788;4019
1;12;54.5;400;50.6;863;4429
1;12;66.2;399;62.6;861;4393
1;12;105.9;396;102.2;855;5371
1;12;79.3;396;43.4;855;4921
1;12;84.8;399;81.2;861;4360
1;12;73.2;398;69.2;859;4550
1;12;65.3;397;51.5;857;4650
1;12;75.1;400;61.4;863;4627
1;12;116.1;398;98.8;859;4960
1;12;103.6;395;99.5;853;5420
1;12;74.1;399;70.3;861;4311
1;11;63.8;366;50.4;790;4229
1;13;94.9;428;90.7;924;5432
1;12;70.5;397;67.0;857;4458
1;11;50.4;366;47.2;790;3935
1;12;73.4;402;69.5;867;4019
1;12;60.4;401;48.9;865;4699
1;12;70.2;399;56.6;861;4376
1;12;86.8;401;83.2;865;3997
1;12;68.2;397;64.3;857;5199
1;12;66.5;398;62.4;859;4872
1;11;62.9;363;49.3;784;4418
1;11;65.1;366;61.6;790;4109
1;12;73.8;400;56.6;863;4394
1;12;93.7;398;89.8;859;4440
1;11;96.9;363;93.5;784;4802
1;12;81.5;403;77.6;869;4281
1;12;73.8;397;60.2;857;4422
1;11;72.5;364;60.8;786;4152
1;12;108.2;399;84.5;861;4142
1;12;70.1;398;66.4;859;4519
1;12;68.6;399;64.9;861;4603
1;12;61.9;402;48.6;867;4769
1;12;64.3;401;60.7;865;3983
1;12;61.7;400;57.8;863;3989
1;11;63.5;363;60.1;784;4421
1;12;66.9;403;63.2;869;3852
1;12;74.9;398;71.2;859;4660
1;12;71.1;401;67.2;865;4010
1;12;72.3;396;68.6;855;5069
1;12;78.5;399;74.5;861;4595
1;11;59.5;365;56.2;788;4109
1;11;58.8;363;55.5;784;4401
1;12;90.2;401;86.0;865;4248
1;12;61.2;404;47.5;871;3940
1;11;94.6;365;77.8;788;4294
1;12;55.3;400;51.6;863;4407
1;12;78.4;399;64.6;861;4594
1;11;64.9;370;61.4;798;3552
1;12;76.2;399;62.7;861;4927
1;12;77.7;396;74.0;855;5670
1;12;66.1;401;62.4;865;4173
1;12;69.9;401;58.0;865;4327
1;12;81.8;402;68.0;867;4537
1;11;64.0;363;60.6;784;4543
1;12;63.3;399;59.7;861;4260
1;12;100.1;400;96.4;863;4828
1;12;63.2;400;59.4;863;4280
1;12;61.2;404;57.6;871;3816
1;11;82.0;364;78.4;786;4101
1;12;64.2;401;50.5;865;4045
1;11;64.0;364;50.6;786;4516
1;12;92.7;399;88.9;861;4731
1;12;69.3;401;65.8;865;4175
1;12;80.4;400;69.9;863;4319
1;12;69.0;401;48.7;865;4083
1;11;93.7;363;90.4;784;4510
1;12;74.3;399;70.5;861;4427
1;11;61.7;364;58.4;786;4097
1;12;67.9;399;64.0;861;4309
1;12;62.1;400;58.3;863;4635
1;12;64.2;399;60.5;861;4426
1;12;53.9;404;50.3;871;3748
1;12;76.2;400;72.5;863;4097
1;12;67.5;405;47.1;873;3806
1;12;68.2;398;54.3;859;4461
1;11;80.2;363;66.7;784;4436
1;11;87.1;365;83.5;788;3935
1;12;56.6;398;42.9;859;4402
1;11;93.4;365;76.6;788;4346
1;12;64.4;397;60.7;857;4523
1;12;70.2;398;53.0;859;4489
1;12;63.2;403;59.5;869;4148
1;12;63.4;401;59.6;865;4259
1;12;73.2;400;59.4;863;4886
1;12;71.2;399;58.6;861;4139
1;12;54.8;400;51.1;863;4650
1;12;48.7;401;45.0;865;3878
1;12;77.0;398;64.7;859;4454
1;11;65.5;364;62.1;786;4310
1;12;75.7;400;72.2;863;4138
1;12;74.1;398;70.4;859;5201
1;12;69.0;403;55.2;869;4228
1;12;61.8;398;58.2;859;4275
1;12;67.6;400;63.7;863;4327
1;12;73.7;400;69.9;863;4331
1;12;64.6;401;61.1;865;4592
1;12;58.9;398;45.2;859;4650
1;12;75.4;394;71.6;851;5491
1;12;92.2;399;88.4;861;4115
1;12;67.7;401;64.0;865;4233
1;12;92.4;400;88.8;863;4464
1;12;62.6;397;58.9;857;4862
1;12;87.3;397;77.6;857;4987
1;12;59.1;401;45.5;865;4296
1;12;88.4;398;84.7;859;4658
1;12;66.7;400;49.6;863;4356
1;11;81.5;364;78.2;786;3868
1;12;62.9;400;49.1;863;4144
1;12;62.9;399;59.1;861;4240
1;12;74.5;400;70.5;863;4396
1;12;58.0;401;54.3;865;4056
1;12;95.9;398;92.3;859;4929
1;12;53.0;400;49.2;863;4263
1;12;62.5;402;58.7;867;4018
1;11;75.4;364;48.4;786;4197
1;12;77.0;399;73.4;861;4960
1;12;57.1;399;53.6;861;4337
1;12;55.9;403;52.2;869;4133
1;12;79.1;398;67.2;859;4975
1;12;63.1;399;59.4;861;4328
1;12;70.1;399;56.4;861;4875
1;12;72.5;400;68.9;863;4821
1;11;81.9;364;78.1;786;4201
1;12;70.1;399;56.5;861;4526
1;11;66.9;363;58.1;784;4394
1;11;72.6;363;59.1;784;4376
1;11;59.1;364;55.6;786;4390
1;11;57.5;363;49.0;784;4300
1;12;65.7;403;61.9;869;3843
1;12;66.1;397;62.2;857;4951
1;12;90.3;400;86.5;863;4376
1;12;79.7;396;66.0;855;5268
1;13;77.2;434;66.5;936;5012
1;12;81.5;400;77.9;863;4604
1;12;64.2;399;60.2;861;4995
1;12;74.1;399;60.6;861;4496
1;12;64.6;400;60.8;863;3958
1;12;65.8;399;62.2;861;4202
1;12;67.5;397;63.6;857;4974
1;12;65.9;399;62.1;861;4716
1;12;72.0;399;68.4;861;4033
1;12;100.7;397;97.0;857;5712
1;11;65.1;362;61.5;782;4822
1;11;68.8;364;55.3;786;4247
1;11;65.6;364;62.3;786;4538
1;11;82.8;364;79.4;786;4332
1;12;86.6;396;60.0;855;4891
1;12;67.3;400;61.1;863;4527
1;12;72.0;398;68.2;859;4884
1;12;66.2;398;62.4;859;4789
1;12;67.6;398;64.1;859;4257
1;12;69.8;396;66.1;855;5200
1;12;77.0;403;60.8;869;3922
1;12;94.0;398;90.1;859;4951
1;12;70.6;396;67.0;855;5137
1;12;71.0;400;67.1;863;4238
1;11;52.4;369;48.8;796;3703
1;11;61.5;362;58.3;782;4363
1;11;66.9;364;63.3;786;4437
1;11;73.1;365;53.0;788;3927
1;12;77.7;399;63.8;861;4554
1;12;51.8;400;47.9;863;4240
1;12;84.3;399;70.5;861;4479
1;11;74.8;363;71.3;784;4561
1;11;62.2;363;58.9;784;4343
1;11;60.8;364;57.4;786;4064
1;11;62.1;364;48.8;786;4314
1;12;59.3;401;55.5;865;3917
1;12;73.1;400;62.7;863;4427
1;12;87.3;398;75.8;859;5126
1;11;62.8;362;49.3;782;4361
1;12;64.8;402;61.1;867;4005
1;12;63.6;400;59.8;863;4380
1;12;64.0;400;60.4;863;4150
1;11;71.1;366;67.9;790;4074
1;11;67.2;363;63.8;784;4613
1;12;77.6;400;67.7;863;4809
1;12;79.5;398;67.7;859;4403
1;12;60.2;399;56.7;861;4463
1;12;64.4;399;60.5;861;4444
1;12;117.0;394;100.2;851;5626
1;12;80.8;396;63.5;855;5230
1;12;76.9;397;59.6;857;4428
1;12;91.9;401;86.5;865;4149
1;12;76.5;398;72.6;859;4923
1;12;73.5;399;61.6;861;4387
1;12;62.7;400;58.9;863;4505
1;12;69.8;398;65.8;859;4367
1;12;64.3;396;60.7;855;4741
1;11;76.0;364;58.0;786;4002
1;13;87.4;430;83.5;928;5514
1;12;88.2;397;84.5;857;4797
1;12;88.2;398;84.5;859;5150
1;12;80.9;400;77.0;863;4315
1;12;73.4;396;60.3;855;5205
1;12;90.1;401;86.3;865;4973
1;12;68.1;396;64.5;855;5130
1;11;58.8;365;55.1;788;4288
1;12;66.9;397;63.3;857;4719
1;12;97.5;398;93.4;859;4840
1;11;53.9;369;50.4;796;3683
1;12;69.4;399;65.5;861;4719
1;12;80.0;400;76.2;863;3993
1;12;72.1;397;60.2;857;4849
1;12;64.0;402;54.3;867;3919
1;12;64.5;397;60.7;857;4420
1;12;107.9;400;104.1;863;4017
1;12;74.1;397;70.5;857;4610
1;12;82.2;400;78.4;863;4642
1;11;65.0;366;55.3;790;3967
1;12;64.2;399;60.6;861;4084
1;12;69.1;399;65.3;861;4106
1;11;63.3;365;59.8;788;4467
1;12;87.0;400;83.3;863;4782
1;12;80.8;403;70.0;869;3782
1;12;73.3;400;69.3;863;4469
1;12;61.3;399;52.5;861;4817
1;12;63.2;402;59.4;867;4313
1;12;63.9;398;40.1;859;4393
1;13;88.7;429;82.0;926;5442
1;12;66.9;400;63.3;863;4328
1;12;78.0;400;70.1;863;4251
1;12;85.8;397;82.0;857;5238
1;12;90.2;398;63.2;859;5230
1;12;85.9;398;81.9;859;4192
1;12;113.9;398;89.7;859;4626
1;11;66.2;365;62.8;788;4385
1;12;66.7;398;54.9;859;4417
1;11;74.3;363;60.7;784;4690
1;12;38.8;400;35.3;863;4509
1;12;73.8;399;69.9;861;4315
1;12;90.4;397;73.7;857;5300
1;12;65.9;397;62.4;857;5194
1;12;79.0;397;75.2;857;4963
1;12;70.6;399;66.7;861;4239
1;12;69.5;401;65.7;865;4007
1;12;64.5;398;50.7;859;4415
1;12;63.0;400;59.4;863;4186
1;12;80.2;403;76.5;869;4211
1;11;93.9;363;90.4;784;4127
1;12;68.8;399;56.9;861;4247
1;12;50.9;396;47.2;855;5437
1;12;87.3;396;83.7;855;5216
1;11;89.9;366;62.9;790;4293
1;11;64.9;365;53.3;788;4600
1;12;70.9;398;67.2;859;4379
1;11;76.0;368;48.5;794;3994
1;13;87.5;432;75.2;932;5354
1;12;67.9;399;64.0;861;4363
1;11;66.7;365;63.3;788;4350
1;12;77.3;399;73.6;861;4436
1;12;92.5;398;75.5;859;5199
1;12;74.9;398;71.1;859;4611
1;11;64.2;364;60.8;786;4793
1;12;57.3;404;45.6;871;4302
1;11;72.6;363;69.1;784;4997
1;12;85.3;398;81.6;859;4577
1;12;68.8;401;50.0;865;4066
1;11;92.4;363;88.9;784;4941
1;11;61.9;364;48.5;786;4238
1;12;76.7;400;72.8;863;4830
1;12;74.7;397;70.8;857;4809
1;11;79.7;364;76.4;786;4206
1;11;63.0;365;59.8;788;4483
1;12;70.3;397;61.0;857;5141
1;12;66.2;398;62.6;859;4377
1;12;64.7;398;61.0;859;4482
1;12;71.9;401;58.3;865;4001
1;12;76.6;397;72.9;857;4693
1;12;71.0;402;67.1;867;3950
1;12;63.3;400;59.6;863;4314
1;12;71.1;397;67.4;857;4925
1;12;81.7;398;77.8;859;4579
1;11;63.4;363;51.9;784;4344
1;12;62.6;400;50.8;863;4204
1;12;85.1;399;57.7;861;4362
1;12;67.4;398;55.8;859;4650
1;11;65.9;365;62.5;788;4376
1;11;84.0;364;80.7;786;4546
1;12;101.1;398;95.8;859;5141
1;12;69.6;399;65.9;861;4180
1;11;74.2;364;61.6;786;4355
1;11;66.7;364;63.2;786;4492
1;12;59.2;400;55.3;863;4041
1;12;63.6;399;49.9;861;4322
1;13;96.0;431;72.4;930;5520
1;11;51.0;372;47.5;802;3431
1;12;64.3;399;60.6;861;5260
1;11;51.3;364;48.0;786;4217
1;11;68.9;365;55.5;788;4270
1;12;69.7;399;57.9;861;4504
1;12;78.4;398;74.8;859;4914
1;12;82.2;398;65.1;859;4463
1;12;73.3;401;64.5;865;4471
1;12;59.0;399;55.1;861;4713
1;12;80.3;400;76.7;863;4311
1;11;102.4;367;99.1;792;4275
1;12;94.8;399;91.1;861;4538
1;12;85.3;400;81.2;863;4310
1;12;73.7;400;59.8;863;4303
1;12;76.8;399;58.0;861;4711
1;12;81.2;399;77.5;861;4164
1;12;72.5;399;68.8;861;4726
1;12;74.5;396;70.6;855;4666
1;12;99.4;400;78.5;863;4076
1;12;78.5;400;74.7;863;4483
1;12;64.7;399;60.9;861;4639
1;12;62.2;398;51.1;859;4566
1;12;75.9;398;72.3;859;4861
1;12;68.2;398;54.6;859;4444
1;12;76.1;399;72.4;861;4493
1;12;74.3;397;62.1;857;5249
1;12;68.7;398;64.7;859;4632
1;11;93.5;369;75.2;796;3815
1;11;80.0;365;76.5;788;4122
1;12;66.0;400;62.4;863;4570
1;12;62.2;398;58.4;859;4424
1;12;75.6;399;71.7;861;4629
1;12;69.8;398;66.2;859;4946
1;11;50.9;364;47.5;786;4328
1;12;100.5;397;96.8;857;4479
1;12;77.1;399;64.0;861;4323
1;11;62.7;365;49.2;788;4300
1;11;57.8;366;51.1;790;4035
1;12;61.4;398;57.7;859;4677
1;12;84.0;400;72.2;863;4497
1;12;62.8;401;58.9;865;3875
1;12;80.3;396;76.4;855;5563
1;12;66.2;398;62.6;859;4910
1;11;75.0;367;71.6;792;4116
1;12;75.8;397;62.2;857;4977
1;12;66.4;398;62.8;859;4910
1;11;65.4;363;52.1;784;4246
1;12;77.9;399;74.1;861;4341
1;12;70.9;398;57.2;859;4460
1;12;64.6;399;57.0;861;4321
1;12;82.3;400;77.2;863;4562
1;12;89.8;396;85.9;855;5164
1;12;72.7;396;69.0;855;5243
1;12;80.5;400;66.9;863;4378
1;12;89.1;395;85.3;853;5418
1;12;72.3;399;68.2;861;4593
1;11;93.5;362;90.0;782;4473
1;12;65.1;399;51.4;861;4608
1;12;70.6;400;66.9;863;4464
1;12;93.3;397;89.4;857;4599
1;12;82.2;399;78.4;861;4221
1;12;86.3;400;82.6;863;4333
1;12;79.0;400;60.6;863;4613
1;11;73.1;364;49.7;786;4457
1;12;58.3;398;54.6;859;4227
1;12;82.7;397;68.9;857;5171
1;12;68.8;400;65.2;863;4028
1;12;61.2;400;57.5;863;4057
1;11;66.1;364;62.7;786;4638
1;11;70.0;365;65.9;788;3872
1;12;45.6;400;29.9;863;4225
1;12;70.4;398;66.8;859;4699
1;12;90.8;401;63.8;865;4380
1;12;61.1;400;57.5;863;4247
1;12;70.3;398;66.6;859;4661
1;11;75.1;365;58.2;788;4507
1;12;69.0;398;65.5;859;4378
1;12;81.7;401;77.8;865;4261
1;12;82.5;397;60.4;857;4692
1;12;109.5;400;45.0;863;4429
1;12;35.3;399;31.5;861;4478
1;12;70.2;401;62.8;865;4305
1;12;69.3;397;65.6;857;5574
1;12;65.6;399;61.9;861;4713
1;12;85.1;397;68.9;857;4770
1;12;71.6;400;68.0;863;4624
1;12;66.3;400;62.6;863;4616
1;11;58.9;363;45.7;784;4527
1;12;60.4;399;56.9;861;4359
1;11;58.0;364;54.5;786;4258
1;11;75.0;364;71.5;786;5001
1;12;68.7;398;64.9;859;4972
1;12;78.0;398;71.4;859;4688
1;12;67.1;398;53.4;859;4342
1;12;80.2;398;66.2;859;4907
1;12;80.0;397;76.2;857;4903
1;12;59.4;401;55.6;865;4252
1;12;79.1;401;75.3;865;4105
1;12;86.4;402;62.6;867;3739
1;12;65.2;399;61.6;861;4547
1;12;66.6;398;57.0;859;4192
1;12;66.7;399;63.1;861;4368
1;12;85.4;399;54.9;861;4633
1;12;73.5;402;69.8;867;4159
1;12;76.3;399;72.6;861;4838
1;12;127.0;400;96.7;863;4637
1;12;97.3;399;75.6;861;4537
1;12;62.1;399;48.5;861;4122
1;12;59.2;400;55.4;863;4449
1;12;64.5;398;57.3;859;4566
1;12;65.2;399;61.6;861;4714
1;12;63.9;399;60.2;861;4382
1;12;92.0;397;74.6;857;5227
1;12;84.4;400;67.1;863;4385
1;12;64.9;398;51.3;859;4550
1;12;99.7;398;95.7;859;4429
1;12;64.5;398;60.8;859;4450
1;12;115.8;396;112.2;855;5202
1;11;66.8;366;55.5;790;4381
1;11;72.6;364;69.2;786;4473
1;12;89.5;398;85.8;859;4841
1;11;50.6;365;47.3;788;4066
1;12;81.2;398;77.3;859;4440
1;11;67.3;364;63.9;786;4606
1;12;58.7;398;54.8;859;4769
1;12;62.1;400;58.4;863;4036
1;12;83.1;401;79.4;865;4199
1;12;76.6;399;72.5;861;4875
1;11;73.1;364;69.6;786;4206
1;12;82.9;397;69.3;857;4835
1;11;67.3;365;64.1;788;3974
1;11;62.8;364;59.3;786;4460
1;12;77.6;399;73.9;861;4596
1;11;66.4;364;43.0;786;4478
1;12;73.6;396;49.7;855;5170
1;12;84.4;394;80.7;851;5205
1;12;66.3;397;62.5;857;4848
1;12;76.9;398;73.2;859;5386
1;12;56.3;400;52.4;863;4362
1;11;64.1;364;60.7;786;4598
1;12;77.9;398;74.1;859;5155
1;12;71.1;394;67.4;851;5424
1;11;51.1;365;37.9;788;4087
1;12;74.8;398;51.0;859;4608
1;12;78.1;400;73.9;863;4234
1;12;65.3;397;61.6;857;4712
1;11;75.2;362;71.8;782;4777
1;11;86.3;364;66.5;786;3901
1;12;66.5;398;62.8;859;4692
1;11;70.7;364;57.2;786;4498
1;11;63.8;362;50.4;782;4549
1;12;82.4;399;55.4;861;4937
1;11;61.4;364;37.9;786;4085
1;12;84.6;398;81.0;859;5150
1;12;104.3;397;84.0;857;4925
1;12;100.4;400;96.7;863;4339
1;12;75.0;396;71.1;855;5114
1;12;66.4;398;62.3;859;4913
1;12;108.6;399;58.9;861;4395
1;12;65.6;398;51.9;859;4709
1;11;60.3;364;56.9;786;4580
1;12;65.1;400;61.3;863;4660
1;12;57.6;398;53.7;859;4577
1;12;134.5;403;52.0;869;4045
1;12;72.5;401;63.1;865;4160
1;12;73.5;398;69.9;859;4900
1;12;70.4;400;50.0;863;4433
1;11;95.8;364;92.2;786;4243
1;11;65.9;364;62.4;786;4330
1;11;59.6;366;56.1;790;3735
1;11;77.8;364;60.2;786;4583
1;12;103.9;398;100.3;859;5081
1;12;56.0;395;52.5;853;4734
1;12;67.9;398;64.2;859;5117
1;12;66.4;398;62.8;859;4571
1;11;83.1;365;79.6;788;4401
1;12;62.6;398;58.7;859;4755
1;12;80.9;397;77.2;857;4621
1;11;57.5;366;54.3;790;3831
1;12;66.4;396;62.8;855;5148
1;12;97.4;395;70.5;853;5725
1;12;83.5;393;75.7;849;5462
1;11;60.9;363;50.7;784;4696
1;12;64.1;403;60.4;869;4194
1;12;74.4;398;70.8;859;4516
1;12;75.6;400;69.0;863;4537
1;12;60.3;399;56.6;861;4465
1;11;80.8;364;70.7;786;4539
1;11;61.9;366;58.3;790;4207
1;11;71.1;367;67.6;792;4029
1;12;63.8;400;60.0;863;4415
1;11;64.4;366;60.9;790;3976
1;11;61.9;365;58.5;788;4237
1;12;75.2;399;71.5;861;4444
1;12;83.4;397;79.6;857;4851
1;11;62.8;368;59.5;794;3928
1;11;63.0;365;59.6;788;4361
1;11;49.4;367;45.7;792;3959
1;11;62.3;364;48.8;786;4309
1;11;60.8;366;57.5;790;3953
1;11;69.7;362;56.5;782;4873
1;11;58.6;361;55.1;780;4736
1;11;71.4;364;67.9;786;4388
1;12;72.2;401;68.3;865;4279
1;12;64.2;401;60.3;865;4372
1;12;64.9;399;51.2;861;4618
1;12;75.8;401;72.0;865;4718
1;11;85.0;365;81.5;788;4380
1;12;64.6;398;50.9;859;4600
1;11;65.0;364;61.2;786;4710
1;12;74.4;399;70.5;861;4282
1;11;71.0;365;67.5;788;4400
1;12;60.2;400;56.6;863;4331
1;12;62.8;400;59.2;863;4206
1;12;63.9;398;50.1;859;4865
1;12;73.9;401;70.2;865;4433
1;11;61.3;363;47.7;784;4041
1;12;69.4;399;65.6;861;4966
1;11;94.3;369;84.1;796;3939
1;12;75.0;396;71.3;855;5252
1;12;61.1;405;57.6;873;3796
1;12;74.7;399;61.1;861;4464
1;12;80.8;400;70.4;863;4461
1;12;64.1;399;60.3;861;4455
1;12;108.2;399;104.3;861;5096
1;12;71.5;399;57.6;861;4594
1;12;73.0;401;69.3;865;4232
1;12;68.0;396;64.4;855;4543
1;12;99.7;398;82.6;859;4344
1;12;74.2;401;70.4;865;4419
1;12;78.3;397;74.3;857;5048
1;12;60.2;399;56.3;861;4186
1;12;89.3;402;85.5;867;4416
1;11;89.1;364;85.8;786;4778
1;12;81.7;397;58.0;857;5306
1;12;85.6;402;79.7;867;3994
1;11;62.3;363;59.0;784;4312
1;12;59.6;400;55.5;863;4410
1;12;63.1;400;46.1;863;4760
1;12;71.3;400;45.6;863;4795
1;12;63.0;400;49.2;863;4276
1;12;84.5;399;80.6;861;4907
1;12;82.7;399;79.1;861;4671
1;12;60.2;400;56.5;863;4299
1;11;56.3;366;52.7;790;4305
1;11;72.8;367;69.6;792;3966
1;12;74.7;399;63.8;861;4638
1;11;78.7;365;72.5;788;4137
1;12;86.4;398;82.5;859;4533
1;12;63.9;400;59.9;863;4374
1;11;64.8;366;61.6;790;4093
1;12;74.2;399;70.6;861;4434
1;12;97.2;399;88.5;861;4406
1;11;66.2;363;50.5;784;4517
1;12;63.4;396;59.8;855;4996
1;12;100.0;398;82.8;859;4885
1;11;65.6;366;62.3;790;4298
1;11;67.9;363;64.5;784;4291
1;11;60.0;363;56.5;784;4195
1;12;74.7;397;60.9;857;4567
1;12;71.6;400;67.7;863;4087
1;12;91.7;398;74.5;859;4685
1;11;106.0;364;85.7;786;4680
1;12;66.9;399;53.3;861;4586
1;12;93.3;398;89.6;859;4620
1;11;61.9;363;58.5;784;4191
1;12;84.6;399;64.1;861;4261
1;12;105.9;400;102.0;863;5383
1;12;64.0;400;60.4;863;4573
1;11;76.6;362;73.3;782;4505
1;12;61.1;402;57.4;867;3815
1;12;73.0;398;68.8;859;4265
1;12;55.1;401;51.3;865;3988
1;12;86.5;400;69.3;863;4258
1;12;67.7;404;63.9;871;4477
1;12;105.5;396;101.5;855;4866
1;12;74.8;400;69.8;863;4442
1;12;75.8;398;72.1;859;4453
1;12;105.9;400;89.5;863;4263
1;12;79.0;399;75.3;861;4738
1;11;84.3;366;80.9;790;3936
1;12;75.4;394;55.5;851;5338
1;12;61.0;399;47.6;861;4336
1;11;63.6;364;60.4;786;4308
1;12;69.6;397;65.8;857;4970
1;12;73.9;400;70.0;863;4080
1;12;75.3;399;55.4;861;4543
1;12;79.4;399;55.6;861;4182
1;12;77.2;400;63.5;863;4397
1;12;65.0;404;61.4;871;4267
1;12;70.2;399;66.3;861;4915
1;12;111.1;397;107.2;857;5340
1;12;88.1;399;84.0;861;4463
1;11;71.3;364;44.5;786;4398
1;11;71.2;364;67.7;786;4247
1;11;48.6;364;35.2;786;4231
1;12;84.9;399;81.2;861;5264
1;12;100.0;402;96.0;867;4351
1;12;83.4;395;69.3;853;6209
1;12;73.8;401;60.2;865;4323
1;12;65.5;400;61.7;863;4124
1;12;99.5;399;95.8;861;4643
1;12;59.7;398;48.0;859;4657
1;12;98.2;399;94.3;861;4529
1;12;77.4;393;73.8;849;5270
1;11;68.2;363;65.0;784;4513
1;12;84.0;402;70.3;867;3713
1;12;66.0;399;62.2;861;4829
1;12;74.7;401;71.1;865;4228
1;12;123.3;398;118.9;859;4298
1;12;61.6;399;54.6;861;4316
1;12;65.6;398;61.7;859;5291
1;12;67.2;403;63.5;869;3722
1;12;39.5;399;35.4;861;5359
1;12;74.5;399;58.6;861;4488
1;12;63.7;399;59.9;861;4315
1;11;60.1;367;56.5;792;3839
1;11;93.8;363;77.0;784;4315
1;12;75.1;400;71.4;863;4319
1;12;55.1;398;51.4;859;4446
1;12;60.1;402;46.5;867;4144
1;12;80.4;399;76.6;861;4793
1;12;68.7;398;64.8;859;4524
1;12;58.1;400;54.4;863;4239
1;12;58.8;399;55.1;861;5196
1;12;60.9;402;47.1;867;3794
1;12;63.1;399;59.2;861;4146
1;12;76.5;398;64.6;859;4877
1;12;89.8;399;86.0;861;4558
1;11;60.1;368;56.5;794;3834
1;12;63.3;399;49.6;861;4273
1;11;70.8;366;67.4;790;4004
1;12;95.5;395;81.8;853;5376
1;12;57.0;400;53.2;863;4018
1;12;48.2;398;44.6;859;4533
1;12;85.9;400;82.0;863;4670
1;12;82.2;398;78.6;859;5221
1;12;75.8;395;72.1;853;5423
1;12;105.0;398;101.3;859;4516
1;11;66.4;363;53.0;784;4488
1;12;60.1;399;56.5;861;4440
1;12;72.6;398;68.8;859;5180
1;12;77.1;398;57.6;859;4631
1;11;77.4;364;67.7;786;4530
1;11;64.4;363;60.9;784;4742
1;12;95.3;395;91.4;853;5585
1;11;62.5;365;59.3;788;4389
1;11;50.0;368;46.6;794;3865
1;11;74.5;366;71.2;790;4046
1;12;78.3;397;74.5;857;5657
1;12;88.1;398;73.5;859;4421
1;12;76.3;395;64.5;853;5904
1;12;54.2;404;47.1;871;3796
1;12;64.5;399;60.8;861;4512
1;12;81.2;399;77.3;861;4570
1;12;88.7;397;68.0;857;4876
1;11;57.7;369;54.1;796;3612
1;12;70.4;397;66.8;857;5028
1;12;92.9;399;89.1;861;4565
1;12;82.6;399;78.6;861;4129
1;12;66.7;400;63.0;863;4286
1;11;78.6;363;75.2;784;4808
1;12;58.8;396;54.9;855;4774
1;12;84.7;399;80.9;861;4284
1;12;63.3;399;57.8;861;4288
1;12;63.5;399;50.0;861;4409
1;11;75.3;364;55.3;786;3971
1;12;61.9;402;58.1;867;3959
1;12;62.7;399;28.9;861;4230
1;11;71.3;364;67.9;786;4097
1;12;75.6;403;67.9;869;3958
1;12;61.5;400;47.7;863;3967
1;11;69.9;364;56.0;786;4182
1;12;66.6;399;63.0;861;5015
1;11;87.4;364;83.6;786;3961
1;12;75.1;396;61.1;855;5300
1;11;77.0;362;63.4;782;4570
1;12;82.1;401;77.2;865;4453
1;12;79.0;397;68.0;857;5084
1;12;75.2;402;71.5;867;4239
1;12;88.1;397;74.3;857;4660
1;11;60.0;366;56.7;790;3874
1;12;66.1;400;62.5;863;4133
1;12;66.1;398;62.5;859;4868
1;12;114.5;397;110.7;857;4688
1;12;77.1;399;73.3;861;5071
1;12;101.4;398;80.8;859;5089
1;13;77.7;429;73.9;926;5814
1;12;59.9;399;56.1;861;4688
1;12;93.4;396;89.6;855;4963
1;12;75.8;396;72.0;855;4898
1;12;64.7;398;51.0;859;4503
1;11;72.3;364;68.9;786;3977
1;11;72.3;366;60.7;790;3875
1;12;106.1;398;88.9;859;4839
1;12;91.6;399;87.7;861;4375
1;12;67.5;401;63.7;865;4144
1;12;70.2;401;66.4;865;4969
1;12;81.3;396;77.5;855;5137
1;11;50.7;364;37.4;786;4000
1;11;48.4;366;45.1;790;3832
1;11;63.1;364;59.8;786;4462
1;11;64.2;363;60.8;784;4634
1;12;69.6;398;65.7;859;4489
1;12;83.7;396;79.8;855;4988
1;12;73.6;399;59.8;861;4371
1;12;67.3;401;56.8;865;4372
1;11;70.7;363;57.4;784;4676
1;12;78.3;398;74.7;859;5096
1;12;74.9;400;71.1;863;4582
1;11;70.9;364;67.2;786;4403
1;11;56.8;364;53.7;786;3871
1;12;69.9;398;66.2;859;4735
1;12;78.0;400;67.3;863;4348
1;12;83.9;397;73.1;857;5053
1;12;63.2;400;49.5;863;4295
1;11;61.8;365;58.5;788;4231
1;11;62.3;365;58.9;788;4069
1;12;62.9;401;59.2;865;4300
1;12;66.3;396;62.6;855;4890
1;12;58.4;397;54.5;857;4972
1;12;85.5;398;81.8;859;4672
1;11;95.3;364;91.9;786;4366
1;12;82.1;399;56.5;861;5001
1;12;62.5;401;49.0;865;4084
1;11;84.5;363;81.2;784;4622
1;12;76.2;395;72.6;853;5340
1;12;122.0;399;74.2;861;4729
1;12;59.5;400;55.8;863;4236
1;12;89.2;397;77.9;857;4543
1;12;73.0;397;49.1;857;4814
1;11;64.0;363;50.6;784;4555
1;12;67.9;400;54.0;863;4502
1;12;64.8;400;61.0;863;4595
1;12;66.4;399;52.6;861;4243
1;12;98.1;401;71.2;865;4340
1;11;91.0;365;87.5;788;4333
1;11;50.5;365;47.2;788;4230
1;12;75.7;400;63.7;863;4359
1;12;73.4;398;69.8;859;5214
1;12;63.6;400;60.0;863;4353
1;12;84.7;400;80.8;863;4488
1;11;60.5;368;57.0;794;3946
1;12;78.0;399;74.4;861;4330
1;12;71.5;396;67.8;855;4590
1;12;79.3;395;65.3;853;5456
1;11;118.4;363;114.9;784;4874
1;12;86.9;397;73.0;857;4943
1;12;65.4;401;51.7;865;4286
1;12;79.4;397;75.5;857;4735
1;12;63.3;400;59.6;863;4301
1;12;92.5;398;88.6;859;4707
1;11;62.8;365;59.5;788;4178
1;12;80.6;396;66.9;855;5089
1;11;61.2;363;57.8;784;4702
1;12;79.5;402;75.6;867;4063
1;11;63.2;365;49.8;788;4536
1;11;97.3;364;93.5;786;4145
1;11;60.9;367;43.7;792;4062
1;12;70.1;401;66.1;865;4192
1;12;68.2;396;64.5;855;4966
1;12;81.2;398;77.5;859;4596
1;12;65.3;397;61.5;857;4741
1;12;98.7;396;94.5;855;5003
1;11;66.2;363;62.8;784;5012
1;12;86.6;400;82.8;863;4183
1;12;89.3;399;85.5;861;4827
1;12;67.2;396;63.2;855;5018
1;11;72.3;364;49.0;786;4282
1;12;75.5;396;58.6;855;5652
1;11;107.6;363;85.9;784;4379
1;11;65.2;363;61.8;784;4130
1;12;72.7;404;68.8;871;3926
1;12;76.9;398;73.1;859;4992
1;12;63.7;400;50.1;863;4448
1;12;63.0;401;49.4;865;4257
1;11;73.2;364;69.9;786;4428
1;12;65.1;399;51.2;861;4636
1;11;65.0;367;60.0;792;4076
1;12;57.9;400;44.6;863;4078
1;11;77.1;363;73.8;784;4764
1;12;89.2;400;65.3;863;4815
1;12;79.4;399;75.6;861;4847
1;12;64.7;398;51.0;859;4561
1;12;80.4;398;66.5;859;4931
1;12;75.2;399;71.5;861;4692
1;12;64.9;400;51.1;863;4557
1;12;96.3;399;92.4;861;4612
1;12;61.8;402;58.2;867;3941
1;12;74.4;398;70.4;859;4828
1;11;64.1;366;60.9;790;4020
1;11;65.3;364;61.8;786;4872
1;12;101.3;397;86.6;857;4857
1;12;96.7;399;92.9;861;4283
1;12;73.1;401;61.8;865;4237
1;12;80.5;398;76.5;859;4291
1;12;79.9;398;76.0;859;4603
1;12;62.5;401;59.0;865;4181
1;12;60.1;404;56.4;871;3715
1;11;91.7;364;88.3;786;4202
1;12;63.6;404;60.0;871;4253
1;12;77.6;398;63.9;859;5193
1;11;51.1;366;47.7;790;4094
1;12;73.8;400;70.2;863;4401
1;12;57.8;398;54.3;859;4380
1;12;74.2;397;70.4;857;4864
1;11;73.0;365;59.6;788;4526
1;12;56.6;396;53.0;855;4697
1;11;59.3;365;56.0;788;4385
1;11;75.5;365;52.2;788;4316
1;12;65.4;398;61.8;859;4764
1;12;71.1;398;52.0;859;4269
1;12;70.2;401;66.4;865;4316
1;11;62.6;367;59.1;792;4401
1;12;80.6;399;76.5;861;4354
1;12;74.8;399;71.2;861;4399
1;12;63.8;398;60.1;859;4463
1;12;72.0;399;68.4;861;4379
1;12;74.0;397;62.0;857;4734
1;12;67.0;400;63.4;863;4380
1;12;63.8;398;39.9;859;4321
1;12;76.0;399;72.4;861;4571
1;12;72.8;398;69.0;859;4918
1;12;63.3;401;39.4;865;4289
1;11;88.9;364;85.3;786;4542
1;12;71.4;399;67.8;861;5345
1;11;53.6;365;50.2;788;4129
1;12;94.1;399;90.4;861;4424
1;12;79.5;398;75.6;859;4880
1;11;63.2;365;54.6;788;4048
1;12;61.1;402;57.5;867;3901
1;12;77.9;399;57.3;861;4563
1;11;56.5;363;41.8;784;4395
1;12;65.1;396;51.4;855;4653
1;12;73.1;403;69.2;869;4902
1;12;79.8;399;66.4;861;4275
1;12;68.0;401;64.2;865;4412
1;11;63.9;364;60.6;786;4372
1;12;83.4;400;69.5;863;4200
1;11;57.9;364;54.5;786;4358
1;12;92.2;399;71.7;861;4511
1;11;69.6;364;66.1;786;4362
1;12;93.2;398;72.0;859;4346
1;12;77.8;398;74.1;859;4579
1;12;92.4;396;75.3;855;4924
1;12;57.9;399;54.3;861;4328
1;12;76.7;401;73.1;865;4040
1;12;73.7;398;59.8;859;4351
1;13;82.1;430;68.0;928;5282
1;12;77.9;398;74.1;859;4572
1;12;71.0;399;57.2;861;4762
1;12;71.0;400;67.5;863;4415
1;11;76.9;362;73.3;782;4503
1;12;70.1;399;66.4;861;4727
1;12;68.6;399;65.0;861;4749
1;12;78.8;399;61.9;861;4650
1;12;81.4;397;77.7;857;5273
1;12;77.0;399;63.2;861;4315
1;12;60.4;399;56.7;861;4799
1;12;67.4;399;50.3;861;4406
1;12;69.5;399;55.7;861;4159
1;12;79.3;397;75.6;857;4895
1;11;64.8;363;51.3;784;4834
1;12;63.0;398;59.3;859;4244
1;11;67.2;362;63.9;782;4644
1;12;80.9;395;77.1;853;5450
1;12;62.9;400;59.3;863;4306
1;12;66.7;396;63.1;855;5367
1;12;81.4;399;77.8;861;4455
1;12;62.6;400;48.7;863;4204
1;12;77.4;397;73.7;857;4982
1;12;66.3;398;52.5;859;4750
1;12;62.5;400;58.9;863;4190
1;12;65.3;399;61.5;861;4622
1;12;85.2;402;81.4;867;4128
1;12;62.3;399;58.3;861;4307
1;12;79.3;400;75.7;863;4694
1;12;115.3;398;94.7;859;4711
1;11;53.1;367;39.8;792;3643
1;12;73.8;399;69.9;861;4235
1;11;76.0;365;72.4;788;4377
1;12;73.8;395;69.7;853;5443
1;12;67.6;398;63.8;859;4547
1;12;65.3;399;61.5;861;4581
1;12;82.6;399;78.8;861;4675
1;11;69.7;363;66.4;784;4473
1;12;102.1;398;98.1;859;4427
1;12;60.8;397;56.8;857;4653
1;12;87.6;398;70.6;859;5153
1;12;87.9;395;84.0;853;5350
1;11;59.3;365;56.0;788;4371
1;12;65.8;399;43.6;861;4363
1;12;68.2;399;64.4;861;4444
1;12;90.4;395;86.5;853;5713
1;11;92.0;362;88.5;782;4477
1;12;68.6;397;64.7;857;4554
1;12;86.7;399;83.0;861;4289
1;12;83.4;399;72.6;861;4789
1;12;101.5;399;97.8;861;4526
1;11;59.7;363;55.8;784;4567
1;12;102.0;399;84.6;861;4504
1;12;67.6;400;63.7;863;5079
1;12;72.5;399;68.8;861;4378
1;12;82.6;400;78.8;863;4555
1;13;99.2;429;85.1;926;5838
1;11;102.8;364;99.1;786;4766
1;12;67.6;395;63.8;853;5273
1;12;75.3;397;61.3;857;4557
1;12;111.0;401;98.8;865;4255
1;11;101.7;365;91.4;788;4501
1;12;67.3;395;63.6;853;5019
1;12;61.6;401;57.9;865;3914
1;12;79.0;398;75.2;859;4550
1;12;92.4;401;88.5;865;4597
1;12;75.2;397;71.3;857;4924
1;12;64.4;398;60.6;859;4644
1;11;64.3;367;60.7;792;3853
1;12;73.3;400;69.6;863;4216
1;12;73.7;399;69.8;861;4620
1;11;81.8;365;71.8;788;4108
1;12;53.4;401;49.5;865;4005
1;12;88.3;397;84.8;857;5263
1;12;65.6;399;61.7;861;4678
1;12;72.1;398;68.4;859;4668
1;12;86.7;398;82.8;859;4682
1;12;62.9;401;59.0;865;4149
1;12;79.5;400;65.6;863;4091
1;11;79.3;364;76.0;786;4538
1;12;63.5;400;59.5;863;4312
1;12;86.4;400;82.7;863;4246
1;12;58.2;401;54.3;865;4480
1;12;78.8;398;75.0;859;4552
1;11;82.0;365;78.2;788;4329
1;12;82.4;396;68.6;855;5300
1;11;51.8;364;48.4;786;4169
1;12;62.1;403;58.4;869;4108
